,ApplicationID,ResponseTime,InterestRate,CustomerInteraction,SatisfactionQuality
0,1,Fast,Low,Poor,0.2049792328259108
1,2,Moderate,High,Good,0.4626103032569784
2,3,Slow,Medium,Average,0.8743980317083307
3,4,Moderate,High,Average,0.4288843893947102
4,5,Fast,High,Poor,0.12663712551837436
5,6,Slow,Medium,Average,0.19598018470176193
6,7,Slow,High,Average,0.7347592888493786
7,8,Fast,Medium,Average,0.26974246587376705
8,9,Moderate,Low,Good,0.9891253191087334
9,10,Moderate,Medium,Average,0.052023755029446894
10,11,Slow,High,Good,0.9994606810596731
11,12,Fast,Low,Good,0.5097260752881797
12,13,Fast,High,Good,0.28467473884646366
13,14,Slow,Low,Good,0.8801547329102589
14,15,Fast,Medium,Average,0.6205568470234586
15,16,Moderate,Medium,Average,0.6374024812092216
16,17,Moderate,High,Good,0.47132179410506836
17,18,Moderate,High,Poor,0.11800602661937487
18,19,Moderate,High,Average,0.5122605638762605
19,20,Moderate,Medium,Good,0.9935781728192187
20,21,Fast,High,Good,0.050322932934663944
21,22,Moderate,High,Good,0.2028731759142346
22,23,Moderate,High,Good,0.13605623443164294
23,24,Moderate,Low,Average,0.7299235192858211
24,25,Slow,Medium,Poor,0.2047194539499989
25,26,Fast,Low,Poor,0.14218137638735162
26,27,Slow,High,Poor,0.05450927741371958
27,28,Fast,High,Average,0.8855594435856314
28,29,Moderate,High,Poor,0.3316578441770175
29,30,Fast,High,Poor,0.21011777594021452
30,31,Fast,Medium,Average,0.021981814809622913
31,32,Slow,Medium,Average,0.297214113845096
32,33,Moderate,High,Average,0.09251662118309445
33,34,Moderate,Medium,Good,0.002184142857248772
34,35,Moderate,Medium,Poor,0.9206281367107758
35,36,Slow,High,Good,0.40252635549014204
36,37,Moderate,High,Average,0.26266973533048454
37,38,Slow,Medium,Good,0.33721249040628576
38,39,Moderate,Medium,Average,0.12331849107529225
39,40,Fast,Low,Poor,0.8031705116327311
40,41,Moderate,High,Good,0.3733531610318317
41,42,Slow,Low,Average,0.3616073184253895
42,43,Fast,Medium,Good,0.10580502485651422
43,44,Moderate,Low,Average,0.9559031723881823
44,45,Moderate,Medium,Poor,0.5785639322793544
45,46,Slow,High,Good,0.3837724579774092
46,47,Moderate,High,Good,0.41948148508981975
47,48,Fast,High,Good,0.9197925717794363
48,49,Moderate,Medium,Average,0.7292109485008531
49,50,Slow,High,Average,0.1692030516772518
50,51,Slow,Medium,Poor,0.7201113335149457
51,52,Slow,High,Good,0.17397739952180358
52,53,Fast,Medium,Good,0.38863094560710276
53,54,Fast,High,Poor,0.6731113481245287
54,55,Moderate,Low,Average,0.47299059369815266
55,56,Moderate,High,Poor,0.9747600813361953
56,57,Fast,Medium,Average,0.8635568029983097
57,58,Fast,Low,Good,0.35000686847317874
58,59,Slow,High,Average,0.4527543377087401
59,60,Moderate,Medium,Good,0.7750818003391192
60,61,Moderate,Low,Good,0.8494699015836623
61,62,Fast,Low,Good,0.5088852551742458
62,63,Slow,High,Poor,0.4444409576714987
63,64,Slow,Low,Average,0.5354649496569541
64,65,Moderate,Medium,Poor,0.14278563666788469
65,66,Fast,Medium,Good,0.7178705805519285
66,67,Moderate,Medium,Poor,0.2937944706543275
67,68,Moderate,High,Average,0.7245579091588182
68,69,Moderate,Medium,Good,0.703199784775487
69,70,Fast,High,Good,0.7779094067485368
70,71,Moderate,Medium,Poor,0.37619046876962214
71,72,Moderate,High,Good,0.36176831192256587
72,73,Fast,Medium,Average,0.269439446303655
73,74,Slow,Low,Poor,0.7235345733310886
74,75,Slow,Medium,Poor,0.08437089643850504
75,76,Moderate,High,Poor,0.35999241877905785
76,77,Slow,High,Average,0.44233545805021546
77,78,Slow,Low,Poor,0.40869956227093396
78,79,Moderate,Low,Poor,0.03756622954398059
79,80,Fast,Medium,Average,0.26725868514706175
80,81,Slow,Medium,Average,0.7447507316299222
81,82,Slow,Medium,Poor,0.2862798621119409
82,83,Fast,Low,Good,0.6354279207029719
83,84,Fast,High,Average,0.41413151457909836
84,85,Slow,Medium,Poor,0.9993362799835043
85,86,Fast,High,Good,0.569230212091448
86,87,Moderate,Medium,Average,0.5405526753889242
87,88,Slow,Medium,Poor,0.3111947378040092
88,89,Fast,Low,Poor,0.5415969227984869
89,90,Fast,Low,Average,0.582144802814742
90,91,Fast,High,Good,0.5035135112979966
91,92,Slow,Medium,Poor,0.33836786592521584
92,93,Moderate,High,Poor,0.039417585120362975
93,94,Slow,Low,Good,0.9477695820321482
94,95,Moderate,High,Average,0.6005347682064148
95,96,Fast,Low,Good,0.24665644684477783
96,97,Fast,High,Average,0.5083554875645923
97,98,Moderate,Low,Good,0.27976693088704085
98,99,Moderate,Medium,Average,0.6487351388757342
99,100,Fast,Low,Average,0.14050730310859327
100,101,Moderate,Medium,Good,0.3295304137739967
101,102,Fast,Medium,Poor,0.6842090751884866
102,103,Fast,Medium,Poor,0.5830676844221436
103,104,Slow,High,Average,0.41373289758032983
104,105,Slow,Low,Average,0.20827767515354578
105,106,Fast,Low,Good,0.199156897597067
106,107,Moderate,Low,Good,0.7619343757430971
107,108,Moderate,Medium,Good,0.1373033751416044
108,109,Moderate,Medium,Average,0.10290508834200063
109,110,Slow,Medium,Poor,0.26828720042777265
110,111,Moderate,Medium,Good,0.941278928906798
111,112,Slow,Low,Average,0.562144753827585
112,113,Slow,High,Poor,0.9544227803210739
113,114,Slow,Medium,Average,0.7136520744937427
114,115,Fast,High,Average,0.5952768411040545
115,116,Moderate,Medium,Good,0.6223759314731742
116,117,Slow,High,Good,0.5516879678064617
117,118,Moderate,Medium,Good,0.09468099050479506
118,119,Moderate,Medium,Good,0.9066532969519989
119,120,Fast,Medium,Poor,0.7212244674989166
120,121,Fast,Medium,Average,0.9818971400352456
121,122,Moderate,Low,Good,0.26804718737863775
122,123,Moderate,Low,Good,0.07055006370989458
123,124,Fast,Low,Good,0.6579499112045923
124,125,Moderate,High,Average,0.7964517695378094
125,126,Slow,Medium,Good,0.9246586095822468
126,127,Slow,Low,Average,0.7496142843877734
127,128,Fast,High,Average,0.3597894133819296
128,129,Fast,High,Average,0.11238593229152583
129,130,Moderate,High,Good,0.16367566372972786
130,131,Slow,Low,Average,0.7059852660508185
131,132,Fast,Low,Poor,0.9660214591302085
132,133,Slow,High,Poor,0.14522501991524905
133,134,Moderate,Low,Poor,0.20117523228887946
134,135,Slow,High,Average,0.8411073089388701
135,136,Slow,High,Good,0.28676687755788366
136,137,Slow,Low,Good,0.3488704166052904
137,138,Slow,High,Poor,0.8455108108405605
138,139,Fast,High,Good,0.8546750413842635
139,140,Moderate,Low,Good,0.7271628097401385
140,141,Fast,Low,Good,0.7372192235713048
141,142,Fast,Low,Average,0.9597837864377148
142,143,Fast,Low,Poor,0.9985608065856286
143,144,Fast,High,Average,0.35946462185394357
144,145,Slow,Medium,Poor,0.9016312294863601
145,146,Moderate,Low,Average,0.07541217599278827
146,147,Fast,High,Average,0.4996832302829042
147,148,Fast,High,Average,0.6069731162742654
148,149,Moderate,Medium,Poor,0.558953240270377
149,150,Slow,Medium,Good,0.9792632914045163
150,151,Slow,High,Poor,0.5027834418466806
151,152,Moderate,Medium,Good,0.33410465208656326
152,153,Slow,Low,Poor,0.008495578607209509
153,154,Moderate,Low,Average,0.2852117446533321
154,155,Slow,High,Average,0.7549325397850504
155,156,Slow,Medium,Poor,0.5936485851073608
156,157,Slow,Low,Average,0.5769361233448397
157,158,Slow,Medium,Poor,0.5601159830093484
158,159,Slow,High,Poor,0.7475129705824768
159,160,Fast,Low,Average,0.169422402093247
160,161,Slow,Low,Average,0.7068035962105051
161,162,Slow,High,Poor,0.6621118258081792
162,163,Moderate,High,Average,0.08661976085469403
163,164,Moderate,Medium,Average,0.3396926184795871
164,165,Slow,Low,Poor,0.19106213934635818
165,166,Fast,Low,Average,0.30166224163114885
166,167,Fast,High,Good,0.4828785341158436
167,168,Fast,High,Average,0.029123784989105284
168,169,Slow,High,Poor,0.44635457942992596
169,170,Slow,Low,Good,0.36602826574651526
170,171,Fast,Low,Poor,0.4747211271282129
171,172,Moderate,High,Average,0.8996005947632358
172,173,Fast,High,Good,0.08674863550138157
173,174,Slow,Low,Poor,0.036340748316242455
174,175,Moderate,Medium,Average,0.6627857327436636
175,176,Slow,Low,Good,0.5016991660064248
176,177,Fast,Medium,Poor,0.6518680936476059
177,178,Fast,Medium,Poor,0.8183606413952167
178,179,Moderate,Medium,Good,0.3456569355418593
179,180,Moderate,High,Good,0.4120177389516564
180,181,Fast,Low,Poor,0.5246723066856223
181,182,Moderate,Low,Good,0.5873698685755769
182,183,Slow,Medium,Average,0.7563560547436343
183,184,Fast,High,Good,0.6974478281643061
184,185,Fast,High,Good,0.2630800299241908
185,186,Moderate,Medium,Good,0.8922379155381064
186,187,Moderate,High,Good,0.8649949762077763
187,188,Slow,Medium,Average,0.5211737249135375
188,189,Fast,Medium,Average,0.1349784860716421
189,190,Fast,Low,Average,0.35900076807926373
190,191,Fast,Medium,Poor,0.746452128857114
191,192,Fast,Low,Good,0.9326396937999291
192,193,Moderate,Low,Average,0.27914413322230447
193,194,Moderate,Low,Good,0.06325340889867959
194,195,Fast,High,Poor,0.6074717539085692
195,196,Slow,Medium,Average,0.04343335723563746
196,197,Moderate,Medium,Poor,0.23318755442161632
197,198,Fast,High,Good,0.5170062832097087
198,199,Slow,Medium,Average,0.37265712989414723
199,200,Slow,High,Good,0.0727362617771965
200,201,Fast,Medium,Average,0.4152614375728205
201,202,Moderate,Medium,Average,0.7408832067219855
202,203,Fast,Low,Poor,0.8088585390335653
203,204,Moderate,Low,Average,0.02485951591579416
204,205,Fast,High,Poor,0.40640628680099544
205,206,Moderate,Low,Poor,0.9299217631456648
206,207,Slow,High,Poor,0.0985468514129424
207,208,Slow,Medium,Average,0.8237444619122997
208,209,Fast,High,Poor,0.15396323866650385
209,210,Moderate,High,Good,0.4686018101215098
210,211,Slow,High,Poor,0.8888550983934195
211,212,Moderate,Low,Poor,0.5960639311005951
212,213,Moderate,Medium,Average,0.01728804476336321
213,214,Slow,Low,Average,0.8072616493262504
214,215,Moderate,High,Poor,0.41663603741375055
215,216,Slow,Low,Poor,0.1778797954606286
216,217,Slow,High,Average,0.14284590759192373
217,218,Moderate,High,Poor,0.5701872157998045
218,219,Slow,High,Poor,0.7373729720306713
219,220,Moderate,Low,Poor,0.07407490721044774
220,221,Fast,High,Poor,0.7249311975196192
221,222,Moderate,Medium,Poor,0.5873477912430279
222,223,Fast,Low,Good,0.8368634222265923
223,224,Fast,Medium,Good,0.46520543312167106
224,225,Slow,Low,Poor,0.1597494602339442
225,226,Moderate,Low,Good,0.972522495633662
226,227,Moderate,Low,Average,0.9750871697076813
227,228,Slow,High,Average,0.2872413479748408
228,229,Slow,Medium,Average,0.603404212220246
229,230,Fast,Medium,Average,0.015022541980566295
230,231,Fast,Medium,Average,0.05474498225959512
231,232,Moderate,Low,Good,0.5523214973742779
232,233,Fast,Low,Average,0.7783392290675587
233,234,Moderate,Medium,Poor,0.5505453006199955
234,235,Slow,Medium,Average,0.12495656608401806
235,236,Slow,Low,Poor,0.46738733544792543
236,237,Slow,High,Good,0.31284462800566815
237,238,Fast,Low,Poor,0.09868522775992061
238,239,Moderate,High,Average,0.36522792625688194
239,240,Slow,High,Good,0.8181041683217484
240,241,Slow,Medium,Poor,0.5648414367174266
241,242,Moderate,Low,Average,0.05207240622126974
242,243,Slow,High,Poor,0.508683950684079
243,244,Slow,Medium,Average,0.859502975624898
244,245,Slow,Medium,Good,0.8001526483917506
245,246,Moderate,High,Average,0.9657704438842871
246,247,Moderate,Medium,Average,0.05992515532108145
247,248,Moderate,Low,Poor,0.2899247626330286
248,249,Moderate,Low,Good,0.511525640809493
249,250,Moderate,Medium,Poor,0.15652921341574122
250,251,Fast,Medium,Good,0.6704466652825093
251,252,Fast,Low,Average,0.16695017903446918
252,253,Moderate,Medium,Average,0.5144524344015394
253,254,Moderate,High,Good,0.4162849285443547
254,255,Slow,Low,Average,0.07173534374742496
255,256,Moderate,High,Good,0.9084101072685695
256,257,Slow,High,Poor,0.10724683349584607
257,258,Slow,High,Average,0.9920747645913562
258,259,Fast,High,Average,0.2261515998021184
259,260,Slow,High,Good,0.07771241839172549
260,261,Slow,High,Good,0.39283907648140237
261,262,Moderate,Medium,Poor,0.9579793532488906
262,263,Fast,Low,Poor,0.7328383372724155
263,264,Moderate,Medium,Good,0.4346781483164702
264,265,Moderate,Medium,Average,0.7687641807211604
265,266,Slow,Low,Poor,0.20588731076659939
266,267,Fast,High,Average,0.9431958496934507
267,268,Fast,Medium,Average,0.1062785115705358
268,269,Slow,High,Average,0.659357387278844
269,270,Slow,High,Poor,0.9300053777910726
270,271,Fast,Medium,Average,0.4834022365230042
271,272,Fast,Medium,Average,0.8015394607190754
272,273,Moderate,Medium,Poor,0.22971628368323171
273,274,Fast,High,Good,0.26251029048316565
274,275,Fast,Medium,Poor,0.2740831956409957
275,276,Moderate,High,Poor,0.48306624519330266
276,277,Slow,Low,Good,0.9270041601014083
277,278,Slow,High,Average,0.1727573182810873
278,279,Fast,Medium,Good,0.8121795872927515
279,280,Fast,Low,Good,0.03955750656261314
280,281,Slow,Low,Poor,0.7219831469516448
281,282,Moderate,Medium,Average,0.09352012359790951
282,283,Moderate,High,Good,0.44569179024674643
283,284,Slow,Medium,Poor,0.3827291913177713
284,285,Moderate,Medium,Poor,0.8119677423908017
285,286,Slow,Medium,Poor,0.004712425522241159
286,287,Fast,Low,Poor,0.8822350810207651
287,288,Moderate,Low,Average,0.8824951050681364
288,289,Moderate,Low,Good,0.44677215883960686
289,290,Fast,Low,Average,0.5407656313005429
290,291,Slow,Low,Good,0.37509940531834995
291,292,Slow,High,Average,0.3997195509744276
292,293,Fast,High,Average,0.2981503562765556
293,294,Moderate,High,Average,0.9028293070359646
294,295,Slow,Medium,Good,0.47081641936589813
295,296,Moderate,Medium,Average,0.6426279352109316
296,297,Slow,Medium,Good,0.16747049055004248
297,298,Moderate,Low,Average,0.13246895401785475
298,299,Fast,Medium,Average,0.5366075092637743
299,300,Slow,Medium,Poor,0.8425345083518017
300,301,Fast,Low,Good,0.04028130673398034
301,302,Moderate,Low,Poor,0.24071258566350673
302,303,Moderate,High,Average,0.15963275677344013
303,304,Moderate,High,Poor,0.4556256153552002
304,305,Moderate,Low,Good,0.6215073111380841
305,306,Fast,Low,Good,0.3919980438891485
306,307,Slow,High,Good,0.3506426914571469
307,308,Slow,High,Good,0.8358884081262424
308,309,Fast,Medium,Poor,0.25048294674976346
309,310,Moderate,Low,Good,0.6066615297758677
310,311,Fast,High,Good,0.8656450363727319
311,312,Slow,Low,Good,0.3564047358496647
312,313,Slow,Medium,Poor,0.30973324894601206
313,314,Fast,Low,Poor,0.6038030788437534
314,315,Slow,High,Good,0.732700183870807
315,316,Slow,High,Poor,0.28428828909545933
316,317,Moderate,Low,Poor,0.44572982090286917
317,318,Moderate,Medium,Average,0.44863259161773417
318,319,Slow,High,Poor,0.7839718505055895
319,320,Slow,High,Poor,0.15061095306851913
320,321,Moderate,High,Poor,0.6882189194077358
321,322,Slow,Medium,Poor,0.1354945189288448
322,323,Fast,Low,Poor,0.30267921037875467
323,324,Fast,High,Poor,0.49044909673594994
324,325,Moderate,Low,Average,0.2469654124670625
325,326,Slow,Medium,Average,0.4601171832033255
326,327,Fast,Medium,Good,0.6770937847836443
327,328,Moderate,Low,Good,0.6009571949974972
328,329,Fast,Medium,Average,0.1548426816202274
329,330,Fast,High,Poor,0.013409453872123112
330,331,Fast,Medium,Good,0.22145089137324503
331,332,Slow,Low,Good,0.6374046122611835
332,333,Slow,Medium,Poor,0.008998657283255773
333,334,Fast,Low,Average,0.6481021272610714
334,335,Slow,High,Good,0.2830006354290777
335,336,Moderate,Low,Good,0.09093544991304114
336,337,Slow,Low,Good,0.35672316930890635
337,338,Fast,Low,Average,0.838352904049016
338,339,Fast,Medium,Good,0.88974899029538
339,340,Slow,Medium,Good,0.6134018465221711
340,341,Fast,High,Good,0.028191340447222157
341,342,Moderate,Medium,Poor,0.4159136542975095
342,343,Moderate,Low,Good,0.10509755021363831
343,344,Fast,High,Poor,0.5171179308569195
344,345,Fast,Low,Good,0.6925728000775818
345,346,Fast,High,Poor,0.12248141685029723
346,347,Moderate,High,Average,0.08243327201899076
347,348,Slow,Medium,Poor,0.47870172056933225
348,349,Moderate,High,Average,0.28266736054115904
349,350,Moderate,Medium,Average,0.1621833724078774
350,351,Moderate,Medium,Good,0.866855213027066
351,352,Slow,High,Good,0.7362539479604622
352,353,Moderate,High,Good,0.13257407748448236
353,354,Fast,Medium,Poor,0.7199595393694795
354,355,Moderate,Medium,Poor,0.07714437408606101
355,356,Fast,Low,Good,0.2805278218554009
356,357,Moderate,High,Average,0.5085274317735725
357,358,Moderate,High,Average,0.3144341058114054
358,359,Slow,Medium,Average,0.41093290496275825
359,360,Slow,High,Good,0.7111218170152859
360,361,Fast,Low,Good,0.45825331476504794
361,362,Moderate,Low,Poor,0.8178506634148325
362,363,Fast,High,Poor,0.7497257467835433
363,364,Fast,Medium,Poor,0.9916861403927356
364,365,Moderate,Medium,Poor,0.23362476364856655
365,366,Slow,Low,Good,0.7712248152904037
366,367,Moderate,Low,Good,0.47136648440784346
367,368,Moderate,Low,Poor,0.5019355807808606
368,369,Moderate,High,Good,0.4864050355361782
369,370,Moderate,Low,Poor,0.8097704038972623
370,371,Fast,High,Poor,0.22455946926889636
371,372,Fast,Medium,Average,0.7343099889831075
372,373,Fast,Medium,Good,0.5183996266330652
373,374,Moderate,Low,Poor,0.29334862667008954
374,375,Slow,High,Good,0.40663652688497043
375,376,Fast,Medium,Good,0.45631682055096234
376,377,Slow,High,Poor,0.509113385187522
377,378,Moderate,Low,Good,0.5657473065511459
378,379,Slow,Low,Good,0.9122545611011557
379,380,Slow,High,Average,0.43868470289979355
380,381,Slow,Medium,Average,0.2551822287742307
381,382,Slow,Low,Average,0.1100177211275436
382,383,Moderate,Medium,Good,0.009310290762353679
383,384,Slow,High,Average,0.5438779211611176
384,385,Fast,Low,Good,0.695881574368485
385,386,Moderate,Medium,Poor,0.4340488684781807
386,387,Moderate,High,Average,0.6954106709697243
387,388,Slow,Medium,Average,0.6685466951139853
388,389,Fast,High,Average,0.16912486264417803
389,390,Slow,Low,Poor,0.8332096879578015
390,391,Moderate,Medium,Good,0.32066275473643224
391,392,Moderate,Low,Good,0.9830199980763584
392,393,Slow,Low,Poor,0.25629237536921756
393,394,Moderate,Low,Average,0.40879301727117257
394,395,Moderate,High,Average,0.07965392762042289
395,396,Fast,Medium,Average,0.4456388008221619
396,397,Moderate,Low,Average,0.9639160120731884
397,398,Moderate,High,Average,0.4301759084443132
398,399,Moderate,Low,Average,0.4315843291175092
399,400,Slow,Low,Poor,0.6060138319360813
400,401,Moderate,Low,Average,0.10456286475434151
401,402,Slow,Low,Good,0.82483715939574
402,403,Slow,Low,Poor,0.9484251555414929
403,404,Slow,Low,Average,0.10613001930901944
404,405,Slow,Low,Average,0.9782654635294741
405,406,Slow,High,Good,0.3641210568415054
406,407,Moderate,Low,Poor,0.4303164280423909
407,408,Slow,Low,Poor,0.040585712134695084
408,409,Moderate,High,Good,0.29757071644081545
409,410,Slow,Medium,Poor,0.9668655502933936
410,411,Fast,Low,Good,0.3625832125946771
411,412,Moderate,Low,Average,0.6068265635885829
412,413,Moderate,Low,Poor,0.24599974030679517
413,414,Slow,Medium,Poor,0.4026712082539978
414,415,Fast,Medium,Good,0.19378913002335485
415,416,Moderate,Low,Average,0.2363365902687512
416,417,Moderate,High,Poor,0.188385009334873
417,418,Fast,Low,Poor,0.3523088842091783
418,419,Moderate,High,Good,0.19505472223636333
419,420,Slow,High,Good,0.9440412782809274
420,421,Moderate,Medium,Good,0.4893227474751214
421,422,Slow,High,Average,0.12292187999897275
422,423,Moderate,Medium,Poor,0.7066425217489339
423,424,Fast,High,Poor,0.6457592922613059
424,425,Fast,Low,Average,0.0759935063158318
425,426,Fast,Medium,Poor,0.9457747170084609
426,427,Moderate,High,Average,0.2341990597880902
427,428,Slow,High,Poor,0.19454796969991128
428,429,Moderate,Low,Poor,0.8556436641449466
429,430,Fast,Low,Good,0.6741869488296138
430,431,Fast,Medium,Average,0.29833774358749876
431,432,Slow,High,Good,0.3627671331374759
432,433,Slow,High,Good,0.0892221680572386
433,434,Slow,Medium,Average,0.9871000859241166
434,435,Fast,Medium,Average,0.6189351627634337
435,436,Fast,Low,Average,0.9758708627835366
436,437,Slow,Medium,Good,0.649863921702575
437,438,Slow,Medium,Average,0.5365781900286203
438,439,Slow,High,Good,0.12857957851166912
439,440,Moderate,Medium,Good,0.24990172163688984
440,441,Moderate,Low,Good,0.1505445880622247
441,442,Moderate,Medium,Average,0.36361144919006383
442,443,Fast,High,Average,0.33273415398385553
443,444,Slow,Low,Good,0.4241850557459762
444,445,Fast,Low,Poor,0.8251348756614191
445,446,Slow,Medium,Good,0.30476091279732576
446,447,Slow,Low,Average,0.6162540405708125
447,448,Fast,Low,Average,0.6531367332918554
448,449,Fast,Low,Good,0.10061997722259008
449,450,Fast,Medium,Good,0.8878729318513303
450,451,Fast,Medium,Poor,0.46010262655768797
451,452,Slow,Medium,Good,0.8175653295445969
452,453,Slow,High,Good,0.2107066650749062
453,454,Slow,Low,Poor,0.03517463153159661
454,455,Slow,Medium,Average,0.07514295317758657
455,456,Moderate,Medium,Good,0.9556394617234216
456,457,Fast,High,Poor,0.7606065813900618
457,458,Slow,Low,Good,0.19510882002421004
458,459,Moderate,Low,Average,0.2678735828174408
459,460,Fast,Low,Poor,0.9989046997630767
460,461,Fast,Low,Poor,0.3204868976555473
461,462,Moderate,Low,Average,0.36727770128070925
462,463,Slow,High,Average,0.9014468295383795
463,464,Slow,Low,Average,0.8366202103676581
464,465,Fast,High,Average,0.6981738607149051
465,466,Slow,Low,Poor,0.038363861355701134
466,467,Fast,Low,Average,0.6988336704460328
467,468,Moderate,Medium,Poor,0.8715518564582477
468,469,Fast,High,Average,0.05421174420599306
469,470,Slow,High,Good,0.71645298155879
470,471,Slow,Low,Average,0.420896528759226
471,472,Slow,High,Poor,0.807477935651909
472,473,Fast,Medium,Poor,0.3368477014471527
473,474,Moderate,Medium,Poor,0.07257479804471079
474,475,Slow,Low,Poor,0.6687532544498137
475,476,Moderate,Low,Poor,0.27623894162314355
476,477,Moderate,Medium,Average,0.9463786533583709
477,478,Fast,Medium,Average,0.5614779437366768
478,479,Slow,Low,Good,0.9616020255748788
479,480,Moderate,High,Average,0.8205764393338497
480,481,Moderate,Low,Average,0.7839285884528
481,482,Fast,Medium,Poor,0.6577887800361861
482,483,Moderate,Medium,Poor,0.6126843446746072
483,484,Slow,Medium,Poor,0.6404832931422122
484,485,Fast,High,Poor,0.11927167203974343
485,486,Fast,Medium,Good,0.45615874111982246
486,487,Slow,High,Average,0.8307673885947606
487,488,Slow,Low,Poor,0.06121665814357202
488,489,Moderate,Medium,Poor,0.16682970495026284
489,490,Moderate,Low,Poor,0.2525860066847242
490,491,Moderate,High,Good,0.9456735370508046
491,492,Moderate,Low,Good,0.25523243434428344
492,493,Slow,Low,Good,0.5078974160033809
493,494,Moderate,Medium,Average,0.6637916239414441
494,495,Fast,Low,Good,0.5003051563545148
495,496,Fast,Low,Average,0.7331530231065854
496,497,Moderate,High,Average,0.7067185770445601
497,498,Moderate,High,Poor,0.4881044471013777
498,499,Fast,Low,Good,0.3943411463506643
499,500,Slow,Low,Poor,0.7056593338739465
500,501,Slow,Low,Average,0.8246263528008929
501,502,Slow,Low,Average,0.9439959067106114
502,503,Slow,High,Average,0.9975825929459724
503,504,Slow,High,Average,0.2094067139499336
504,505,Fast,Medium,Poor,0.7348505204996011
505,506,Fast,High,Average,0.7865258871035913
506,507,Fast,Low,Good,0.3201811674284386
507,508,Slow,High,Good,0.6247953987187252
508,509,Moderate,Low,Good,0.6025113635747287
509,510,Slow,High,Poor,0.8406036227731919
510,511,Moderate,High,Poor,0.32053616680649555
511,512,Slow,Low,Good,0.4380336566976468
512,513,Slow,Low,Good,0.6906227420813416
513,514,Slow,Medium,Average,0.37287650920217785
514,515,Slow,Low,Average,0.9011776232173556
515,516,Fast,High,Poor,0.6032221356579637
516,517,Moderate,Medium,Good,0.8378732701193627
517,518,Fast,High,Good,0.32662190574800876
518,519,Slow,Low,Good,0.5570068063131286
519,520,Moderate,Low,Poor,0.33269017969267
520,521,Moderate,High,Poor,0.1647177469429809
521,522,Slow,High,Average,0.20015421124936683
522,523,Slow,Medium,Average,0.14745300926617955
523,524,Moderate,High,Poor,0.8119091149599047
524,525,Slow,Low,Poor,0.6693854236698692
525,526,Slow,Low,Good,0.8499374914047237
526,527,Fast,High,Poor,0.2990126796093461
527,528,Moderate,Low,Average,0.2774267348009791
528,529,Slow,Medium,Average,0.8709675998625426
529,530,Fast,Low,Poor,0.17461091698226194
530,531,Fast,Medium,Good,0.9863281735601263
531,532,Moderate,Medium,Good,0.5227306780568546
532,533,Slow,Low,Poor,0.05343460239101716
533,534,Fast,High,Good,0.5796324582018182
534,535,Fast,High,Poor,0.49924290752477474
535,536,Moderate,High,Good,0.311703321492812
536,537,Moderate,Low,Poor,0.07235725774132662
537,538,Slow,High,Good,0.8824701949431355
538,539,Fast,High,Poor,0.6781225015366464
539,540,Fast,Low,Average,0.8975621934531601
540,541,Slow,Low,Poor,0.09998524748377668
541,542,Moderate,High,Good,0.3552896432193188
542,543,Fast,High,Good,0.006525410428886991
543,544,Moderate,High,Good,0.8407850719391146
544,545,Slow,Low,Average,0.4371720495601772
545,546,Moderate,Medium,Average,0.07237639319412248
546,547,Slow,High,Good,0.6952584007554335
547,548,Moderate,Low,Poor,0.985524133255218
548,549,Moderate,High,Poor,0.005348988694222845
549,550,Moderate,Low,Average,0.13972056697895407
550,551,Fast,High,Poor,0.9336789061329351
551,552,Fast,Medium,Good,0.0007895110932187865
552,553,Moderate,Medium,Good,0.633849818735324
553,554,Slow,Medium,Good,0.7269779195284309
554,555,Moderate,Low,Average,0.805857705334062
555,556,Fast,Medium,Poor,0.44475589820201256
556,557,Slow,Medium,Average,0.6623718599127535
557,558,Slow,Low,Poor,0.8893187599283195
558,559,Moderate,Low,Average,0.7483752494281826
559,560,Moderate,Low,Poor,0.6026699609445051
560,561,Moderate,High,Poor,0.3915370996016292
561,562,Slow,Low,Good,0.624700669406608
562,563,Moderate,High,Good,0.10294614470028618
563,564,Fast,High,Average,0.46997843465779443
564,565,Moderate,Low,Poor,0.3244382286350662
565,566,Moderate,High,Good,0.7495164151567807
566,567,Slow,High,Average,0.8972984957497385
567,568,Slow,Medium,Average,0.6324722024114774
568,569,Slow,High,Good,0.48921624868809066
569,570,Fast,Medium,Average,0.500297874393992
570,571,Slow,Low,Good,0.5489325244993376
571,572,Slow,Medium,Good,0.9339513385827183
572,573,Slow,High,Average,0.8558229071239036
573,574,Slow,High,Average,0.26935970066353776
574,575,Fast,Low,Poor,0.6705405065060909
575,576,Fast,Low,Poor,0.990712558623105
576,577,Moderate,Medium,Good,0.02090951233523497
577,578,Slow,High,Poor,0.6150912873699883
578,579,Moderate,Low,Poor,0.22991837086163258
579,580,Slow,High,Average,0.9405373011029476
580,581,Slow,High,Good,0.6310341757120489
581,582,Moderate,Low,Average,0.41185228314449696
582,583,Moderate,Medium,Poor,0.8547406185919787
583,584,Fast,High,Poor,0.4368600365571266
584,585,Slow,Medium,Good,0.20620271590177885
585,586,Moderate,Low,Good,0.6618783880446912
586,587,Fast,Low,Average,0.6918639081608444
587,588,Slow,Medium,Average,0.4111489323401387
588,589,Fast,Medium,Poor,0.06724063405203662
589,590,Moderate,High,Poor,0.6145410182213155
590,591,Fast,Medium,Average,0.11846170509448184
591,592,Slow,Medium,Average,0.6979904714977925
592,593,Fast,High,Good,0.13524119124650136
593,594,Moderate,High,Poor,0.6614478166131011
594,595,Fast,High,Good,0.0553323871633461
595,596,Moderate,Low,Poor,0.3163754073876829
596,597,Moderate,Medium,Average,0.9844419535833683
597,598,Slow,High,Average,0.8392079530394589
598,599,Fast,High,Poor,0.32877428749259074
599,600,Slow,Medium,Good,0.5435955749112921
600,601,Moderate,Medium,Poor,0.04476838868848687
601,602,Moderate,Medium,Good,0.09382187239544315
602,603,Fast,High,Poor,0.8226479271938894
603,604,Fast,High,Average,0.3166024348274129
604,605,Moderate,Low,Poor,0.27523610593112247
605,606,Fast,Low,Average,0.48301185554837867
606,607,Fast,Low,Average,0.4904544085197847
607,608,Fast,Low,Good,0.5770204016905583
608,609,Fast,High,Good,0.7589957624907276
609,610,Fast,Low,Good,0.3095593015130734
610,611,Slow,High,Good,0.08757557341617472
611,612,Fast,Medium,Good,0.5374937536732345
612,613,Slow,High,Poor,0.6090289447069158
613,614,Slow,Low,Average,0.1212648933591367
614,615,Fast,Low,Average,0.6478370386082265
615,616,Fast,Medium,Good,0.9403970339455442
616,617,Fast,Low,Average,0.8634914504628183
617,618,Fast,Low,Average,0.7281833571884823
618,619,Fast,Low,Good,0.2625086042665441
619,620,Fast,High,Good,0.35137896675810865
620,621,Slow,Medium,Good,0.47535906768086855
621,622,Fast,Medium,Average,0.9012592077965633
622,623,Slow,Low,Poor,0.9043811346655234
623,624,Slow,Medium,Average,0.7897617737346345
624,625,Fast,Low,Average,0.9502112058654302
625,626,Fast,Medium,Good,0.693297468551492
626,627,Moderate,High,Average,0.5298090570700541
627,628,Moderate,High,Good,0.15031062248396876
628,629,Moderate,Medium,Good,0.5864595123747977
629,630,Fast,Low,Poor,0.026158342323419848
630,631,Moderate,Medium,Poor,0.42033538919549895
631,632,Moderate,Low,Good,0.08438794789498705
632,633,Slow,Medium,Good,0.9058493899993058
633,634,Fast,High,Poor,0.3520165825018783
634,635,Slow,Low,Poor,0.7317052727231516
635,636,Fast,Medium,Good,0.6154909596667192
636,637,Fast,High,Good,0.21972275011039688
637,638,Moderate,Low,Good,0.838971096674068
638,639,Slow,Medium,Poor,0.13698222230952783
639,640,Moderate,Medium,Poor,0.2740117803855475
640,641,Moderate,Medium,Poor,0.9611182680216402
641,642,Fast,High,Good,0.9084375478722649
642,643,Slow,Medium,Average,0.6872830044131277
643,644,Slow,Low,Average,0.10195254958027744
644,645,Fast,Low,Average,0.6935098370463204
645,646,Fast,Medium,Poor,0.6728550378096911
646,647,Slow,Low,Good,0.5221264934321769
647,648,Fast,Medium,Average,0.6177269240617943
648,649,Moderate,Low,Average,0.49786918051431917
649,650,Fast,Medium,Poor,0.4544223191595411
650,651,Fast,Medium,Average,0.8262173757752201
651,652,Slow,Low,Good,0.8060967479607475
652,653,Moderate,High,Average,0.7938956551945168
653,654,Slow,High,Poor,0.09896862340870682
654,655,Moderate,High,Average,0.3464692870786672
655,656,Fast,Low,Poor,0.2682760204535567
656,657,Moderate,Medium,Good,0.10226428099711604
657,658,Slow,Medium,Poor,0.7075228189780428
658,659,Fast,Low,Good,0.4390414888211479
659,660,Fast,Low,Poor,0.9602663584920665
660,661,Fast,Low,Poor,0.3583625356578285
661,662,Slow,Low,Average,0.5518287335341685
662,663,Fast,Medium,Good,0.16975849820713584
663,664,Slow,Low,Average,0.4811256918168456
664,665,Slow,Low,Average,0.2408780637054827
665,666,Fast,Medium,Poor,0.7327234154133065
666,667,Slow,High,Good,0.28249872662096454
667,668,Moderate,Medium,Good,0.5328764346967474
668,669,Moderate,Low,Poor,0.31378214330572873
669,670,Slow,Low,Average,0.10551364640120109
670,671,Fast,Low,Good,0.7296784136472413
671,672,Moderate,Medium,Average,0.37260510357707977
672,673,Moderate,Low,Average,0.1344901064955023
673,674,Slow,High,Average,0.19105186870868285
674,675,Moderate,High,Poor,0.24756450814178466
675,676,Moderate,Medium,Average,0.38615591859382115
676,677,Fast,High,Average,0.19854285886820167
677,678,Moderate,Medium,Average,0.7704117870686438
678,679,Moderate,Medium,Average,0.9737425820384935
679,680,Slow,Medium,Average,0.3310162594948949
680,681,Moderate,High,Poor,0.2421834455937677
681,682,Moderate,Low,Average,0.9893406378396238
682,683,Slow,High,Good,0.6549411045673216
683,684,Slow,High,Average,0.12693605767417637
684,685,Moderate,Low,Poor,0.03232326532609031
685,686,Moderate,Low,Average,0.5611511466719561
686,687,Moderate,Low,Average,0.06353572242391858
687,688,Slow,Low,Poor,0.5389808744501206
688,689,Moderate,Medium,Poor,0.7035283401815304
689,690,Fast,Medium,Average,0.5511413361947338
690,691,Slow,Medium,Average,0.3037238516318258
691,692,Fast,High,Good,0.2522528338551704
692,693,Fast,Medium,Poor,0.19675877767165562
693,694,Fast,High,Good,0.7120079611981627
694,695,Moderate,High,Average,0.7832900924388664
695,696,Slow,High,Average,0.4914072634326684
696,697,Slow,Low,Poor,0.3763118169549976
697,698,Fast,Medium,Good,0.8057047924812035
698,699,Moderate,High,Poor,0.19479380264392676
699,700,Moderate,Medium,Good,0.29845066114776053
700,701,Slow,Medium,Poor,0.23600793032371203
701,702,Fast,High,Poor,0.05640135776079047
702,703,Fast,High,Poor,0.0018120338692516613
703,704,Slow,Low,Average,0.2888099699540896
704,705,Slow,High,Poor,0.9361255715401346
705,706,Moderate,Medium,Good,0.8733914579092193
706,707,Slow,Medium,Poor,0.12025098657073463
707,708,Moderate,Low,Average,0.316684356016926
708,709,Slow,Low,Good,0.683592425221869
709,710,Fast,High,Poor,0.9369492539086954
710,711,Slow,Medium,Poor,0.7710383702448548
711,712,Slow,Low,Good,0.46758894849876675
712,713,Fast,Medium,Good,0.76075930838695
713,714,Slow,Low,Poor,0.3669981472682208
714,715,Moderate,High,Average,0.9786540813379649
715,716,Slow,Medium,Poor,0.8712769881211572
716,717,Moderate,Medium,Good,0.2492037705912873
717,718,Fast,Low,Average,0.5513173906628142
718,719,Moderate,High,Good,0.7614588334361586
719,720,Fast,Medium,Good,0.3132760111381787
720,721,Fast,Low,Poor,0.5904261031078913
721,722,Moderate,Low,Good,0.9092323764615015
722,723,Moderate,Medium,Average,0.005314169154862047
723,724,Moderate,Medium,Average,0.41174766759024317
724,725,Moderate,High,Poor,0.35991403621536344
725,726,Slow,Low,Good,0.9132059618141724
726,727,Fast,Medium,Average,0.20423862056986442
727,728,Slow,Medium,Poor,0.9810294891150761
728,729,Slow,Low,Average,0.18345788475886504
729,730,Moderate,High,Good,0.013949018691911452
730,731,Fast,Low,Poor,0.6960314069891137
731,732,Moderate,Medium,Average,0.4947542404357036
732,733,Slow,Medium,Poor,0.5206553537341115
733,734,Moderate,High,Good,0.14110964833264927
734,735,Slow,Low,Average,0.33555720169665715
735,736,Slow,High,Good,0.3293780670342177
736,737,Moderate,High,Good,0.12756815136428423
737,738,Slow,Medium,Average,0.07451046181864007
738,739,Fast,Low,Average,0.43695486108369774
739,740,Slow,Low,Poor,0.8363842356312257
740,741,Moderate,High,Poor,0.6444231696298166
741,742,Moderate,Medium,Poor,0.02028031489458082
742,743,Moderate,Low,Average,0.708676719965507
743,744,Fast,Low,Poor,0.20113654259037728
744,745,Moderate,High,Good,0.7583026172105185
745,746,Fast,High,Good,0.47675387550832815
746,747,Moderate,Medium,Poor,0.8602532863997043
747,748,Fast,Medium,Good,0.3814153437833565
748,749,Slow,High,Average,0.8577655483724422
749,750,Fast,High,Poor,0.6962214361212724
750,751,Slow,Medium,Poor,0.0650007889488885
751,752,Fast,Low,Poor,0.8642306022615571
752,753,Fast,High,Average,0.17712145760241949
753,754,Slow,Medium,Poor,0.43180510078591205
754,755,Moderate,Low,Good,0.28459579453591843
755,756,Fast,Low,Average,0.607959350832342
756,757,Moderate,High,Poor,0.1797978134950754
757,758,Fast,Medium,Poor,0.8798104357196852
758,759,Fast,Medium,Good,0.09805784856245758
759,760,Slow,Medium,Good,0.8341386605235851
760,761,Moderate,Low,Average,0.3480269631887193
761,762,Slow,Low,Poor,0.05168567991113182
762,763,Slow,Low,Poor,0.36177000577298
763,764,Moderate,Low,Poor,0.7039134261281078
764,765,Moderate,Low,Poor,0.6183463070454575
765,766,Moderate,High,Poor,0.4760587695019969
766,767,Fast,Medium,Poor,0.7435442696372946
767,768,Fast,Medium,Average,0.2937618730273863
768,769,Fast,High,Good,0.160603146429649
769,770,Fast,Medium,Poor,0.17067743530223367
770,771,Fast,High,Poor,0.2579395067869006
771,772,Moderate,Low,Poor,0.4703715673848665
772,773,Moderate,High,Poor,0.08963177330461791
773,774,Fast,High,Good,0.7881597881357064
774,775,Fast,Medium,Good,0.2754579101381702
775,776,Fast,Low,Poor,0.3170009697343039
776,777,Fast,Low,Poor,0.5383841868964332
777,778,Fast,Low,Average,0.0037196608180591895
778,779,Slow,Medium,Good,0.0015846444663401016
779,780,Fast,Low,Good,0.997131894158366
780,781,Fast,High,Good,0.13351555135281956
781,782,Fast,High,Poor,0.14986279888655163
782,783,Slow,Medium,Average,0.011526014052985256
783,784,Fast,Medium,Good,0.6979717909236136
784,785,Slow,Low,Poor,0.19908231282795774
785,786,Fast,Low,Poor,0.8624341301411569
786,787,Moderate,Low,Good,0.3338149117092374
787,788,Fast,High,Good,0.0718145837639157
788,789,Fast,Low,Poor,0.6540230776587604
789,790,Slow,Medium,Poor,0.5876901275598189
790,791,Slow,Medium,Average,0.8586720549294962
791,792,Moderate,Low,Average,0.673516786817259
792,793,Slow,High,Good,0.4415472888798304
793,794,Slow,High,Poor,0.1978244288413229
794,795,Slow,Low,Good,0.6856030665448744
795,796,Slow,Medium,Good,0.6387261822492196
796,797,Slow,Medium,Poor,0.43677716932331967
797,798,Fast,High,Good,0.01526483964602976
798,799,Slow,Medium,Poor,0.9078158577774044
799,800,Fast,Low,Average,0.08520047755966198
800,801,Slow,Medium,Poor,0.1556479927615908
801,802,Slow,Medium,Poor,0.2479324498058072
802,803,Slow,High,Poor,0.03558214579346264
803,804,Slow,High,Poor,0.018037909504644456
804,805,Moderate,Low,Poor,0.46865163699638523
805,806,Slow,Medium,Good,0.2875500394254432
806,807,Moderate,Low,Poor,0.17014274017715791
807,808,Slow,High,Good,0.30932422435822293
808,809,Moderate,Medium,Average,0.15336482741574564
809,810,Fast,Medium,Poor,0.11634844985740378
810,811,Moderate,Low,Poor,0.1855259752577192
811,812,Moderate,High,Good,0.6880305189519813
812,813,Slow,Low,Poor,0.4833920666821264
813,814,Fast,High,Poor,0.16277610102536877
814,815,Moderate,High,Poor,0.6613603936613057
815,816,Fast,Medium,Average,0.022504327428686466
816,817,Slow,High,Poor,0.6800460563742698
817,818,Slow,High,Good,0.01803200982523001
818,819,Slow,High,Poor,0.576967310468371
819,820,Moderate,High,Poor,0.28536138599785466
820,821,Slow,Medium,Poor,0.5858521224331683
821,822,Slow,Medium,Average,0.8593328197237516
822,823,Fast,Medium,Good,0.3736502963729842
823,824,Slow,High,Poor,0.09103631494544173
824,825,Moderate,Low,Poor,0.1670556694687857
825,826,Moderate,High,Average,0.5937057829514346
826,827,Fast,High,Poor,0.6641527650544821
827,828,Fast,Low,Poor,0.6838430306453614
828,829,Fast,High,Good,0.07918640910862584
829,830,Slow,Low,Good,0.20208316500792367
830,831,Slow,Medium,Average,0.28686687498279395
831,832,Moderate,Medium,Good,0.9993162681897128
832,833,Moderate,High,Poor,0.1728200514564523
833,834,Slow,Low,Average,0.1586371866495987
834,835,Fast,Low,Good,0.46354783925892185
835,836,Fast,High,Good,0.7759768498152423
836,837,Slow,Low,Good,0.6707472004717734
837,838,Fast,High,Average,0.4028900310500486
838,839,Fast,Low,Good,0.00866908984513104
839,840,Fast,Low,Poor,0.3477700976044378
840,841,Moderate,Low,Good,0.0013555244979488457
841,842,Slow,High,Average,0.8612322272603858
842,843,Moderate,Low,Average,0.6874648040497281
843,844,Slow,Low,Average,0.877489241731488
844,845,Fast,High,Poor,0.4235405772415082
845,846,Moderate,Medium,Good,0.23305318798485863
846,847,Moderate,Medium,Good,0.5114810467883832
847,848,Moderate,Low,Poor,0.9960127833822483
848,849,Fast,Low,Good,0.848417726430511
849,850,Moderate,Low,Poor,0.8623349164397316
850,851,Fast,High,Average,0.6742196324473969
851,852,Moderate,Low,Poor,0.542547862300646
852,853,Slow,Medium,Good,0.8089777496137086
853,854,Fast,High,Average,0.5048748150953071
854,855,Fast,High,Average,0.8271581484276234
855,856,Slow,Low,Poor,0.553490270198824
856,857,Slow,Medium,Poor,0.927206464790831
857,858,Slow,Medium,Poor,0.19695363020872136
858,859,Fast,Medium,Average,0.1120985103507588
859,860,Slow,Low,Good,0.3948007684629531
860,861,Moderate,Low,Average,0.43372370283142103
861,862,Moderate,High,Good,0.8988153748063467
862,863,Fast,Medium,Average,0.013076534174614851
863,864,Slow,High,Good,0.2522231342306188
864,865,Moderate,High,Average,0.13593274736732064
865,866,Fast,Medium,Good,0.06007316835498244
866,867,Fast,Medium,Good,0.7099330734342463
867,868,Fast,Low,Good,0.009241588405514367
868,869,Slow,High,Good,0.8816745102868724
869,870,Slow,Medium,Average,0.5854859383150356
870,871,Moderate,Medium,Good,0.2229500085577536
871,872,Moderate,Low,Average,0.6582837834261573
872,873,Moderate,High,Average,0.00592406545400237
873,874,Moderate,High,Good,0.5894708030932468
874,875,Fast,Low,Poor,0.8283781456016462
875,876,Moderate,Low,Poor,0.26263361236607363
876,877,Slow,Low,Good,0.8635465316714287
877,878,Moderate,Medium,Good,0.7235807004399809
878,879,Moderate,Medium,Average,0.8329316483929149
879,880,Fast,Medium,Good,0.8452255581607399
880,881,Slow,Low,Poor,0.9006660841086284
881,882,Slow,Low,Average,0.22006625478469177
882,883,Slow,Medium,Good,0.40381100524749924
883,884,Moderate,High,Poor,0.15296187060574373
884,885,Moderate,Low,Good,0.4806701123050767
885,886,Moderate,Low,Good,0.08982575257208403
886,887,Slow,High,Good,0.41875899048265497
887,888,Moderate,High,Average,0.734073531005878
888,889,Slow,High,Poor,0.12357249059949049
889,890,Fast,High,Average,0.7479236513114172
890,891,Moderate,Low,Average,0.8320947360831149
891,892,Moderate,Medium,Good,0.23049483735152088
892,893,Fast,Low,Average,0.49187595946082374
893,894,Fast,Medium,Poor,0.8060117104884844
894,895,Fast,Low,Average,0.5903809652038607
895,896,Slow,Low,Poor,0.12718118921688693
896,897,Moderate,Low,Poor,0.9076163862252272
897,898,Fast,High,Good,0.5562363940257727
898,899,Fast,Medium,Poor,0.33916453252503376
899,900,Slow,Low,Average,0.7728739363818531
900,901,Fast,Medium,Average,0.8578891852462399
901,902,Moderate,Low,Poor,0.43584835951360823
902,903,Fast,High,Poor,0.11704507270632614
903,904,Fast,Low,Good,0.6681806619579052
904,905,Slow,Low,Average,0.6275560238706465
905,906,Moderate,High,Average,0.12654531119637724
906,907,Slow,Low,Good,0.49267433031100294
907,908,Moderate,High,Average,0.5521608269710124
908,909,Moderate,Medium,Poor,0.521934964064577
909,910,Moderate,Low,Good,0.40195192461521956
910,911,Fast,Medium,Average,0.6202886525885849
911,912,Slow,Low,Good,0.3572419681701362
912,913,Fast,High,Poor,0.6273170783579646
913,914,Moderate,High,Average,0.1367222763734658
914,915,Fast,Low,Poor,0.39145427079447115
915,916,Slow,Low,Good,0.4107004005865431
916,917,Fast,Medium,Average,0.779960460540393
917,918,Slow,High,Good,0.29244180458951574
918,919,Moderate,Low,Poor,0.35230235437675994
919,920,Slow,Medium,Average,0.00836565998414418
920,921,Moderate,Medium,Poor,0.933113221168653
921,922,Moderate,Medium,Poor,0.6526134017473535
922,923,Moderate,Low,Poor,0.4702962226915748
923,924,Fast,Low,Poor,0.9202723688024077
924,925,Moderate,Medium,Good,0.4200722952521643
925,926,Fast,Medium,Poor,0.4542278238068692
926,927,Fast,Medium,Average,0.8610088213080136
927,928,Moderate,Medium,Good,0.6952296557477357
928,929,Fast,High,Poor,0.6918468799459682
929,930,Moderate,High,Good,0.1339748667497812
930,931,Fast,Medium,Poor,0.9168065780747764
931,932,Moderate,High,Good,0.09488423014757463
932,933,Moderate,High,Good,0.16956351857110907
933,934,Moderate,Low,Poor,0.4429140980419636
934,935,Slow,Low,Average,0.5464210123601028
935,936,Moderate,Medium,Average,0.6981169240835235
936,937,Fast,Medium,Average,0.1746500654553681
937,938,Fast,Low,Good,0.32208057531626577
938,939,Moderate,Low,Good,0.5272259782504833
939,940,Slow,Medium,Poor,0.33852663472683575
940,941,Moderate,High,Good,0.8718662458509447
941,942,Slow,Low,Average,0.9864140184828889
942,943,Moderate,High,Average,0.8050148801180702
943,944,Moderate,High,Poor,0.5140806956192732
944,945,Slow,Low,Good,0.11048362796806488
945,946,Slow,High,Good,0.615214896596914
946,947,Slow,Medium,Good,0.5943317339265958
947,948,Fast,Medium,Average,0.8474061349292366
948,949,Moderate,High,Poor,0.22742172872352928
949,950,Moderate,Medium,Good,0.20604856021288998
950,951,Moderate,Medium,Poor,0.686586502114433
951,952,Slow,Medium,Good,0.9643834187840377
952,953,Slow,High,Average,0.9292609751978921
953,954,Slow,High,Good,0.7815231295330671
954,955,Fast,Low,Average,0.5769591501209791
955,956,Moderate,Low,Good,0.005324190571064258
956,957,Fast,Medium,Poor,0.8751209923824944
957,958,Moderate,Medium,Average,0.8514844493139939
958,959,Moderate,Medium,Good,0.7849556152865075
959,960,Fast,High,Good,0.450536539067076
960,961,Moderate,Low,Poor,0.775160928528937
961,962,Slow,Low,Poor,0.7362798987834215
962,963,Moderate,Medium,Good,0.5494895735118204
963,964,Slow,High,Poor,0.39397782891724353
964,965,Slow,Low,Poor,0.6938453862722663
965,966,Moderate,Low,Good,0.37252745280279487
966,967,Slow,High,Poor,0.6486950425330354
967,968,Moderate,High,Good,0.011389668088552796
968,969,Fast,Medium,Good,0.9426097101586556
969,970,Moderate,Low,Poor,0.4586579594923703
970,971,Slow,High,Poor,0.558729443524539
971,972,Fast,Low,Poor,0.790773063732034
972,973,Slow,Medium,Poor,0.04122781399906039
973,974,Slow,Low,Poor,0.8521477478000117
974,975,Moderate,Low,Poor,0.40230953379146595
975,976,Slow,High,Poor,0.5795363691499811
976,977,Moderate,Medium,Poor,0.08389796062890931
977,978,Slow,Low,Poor,0.09011363293414454
978,979,Moderate,High,Average,0.8129284053939371
979,980,Moderate,High,Good,0.6838933547776769
980,981,Fast,High,Good,0.5335214309809838
981,982,Fast,Medium,Good,0.3819580190452688
982,983,Moderate,Medium,Good,0.1250782268163254
983,984,Fast,Medium,Average,0.24423370036407854
984,985,Fast,Low,Poor,0.45427072436042526
985,986,Slow,Medium,Average,0.8461191855551118
986,987,Slow,Medium,Poor,0.14528600974578665
987,988,Slow,Medium,Average,0.25683157456705863
988,989,Slow,High,Average,0.39722752956623253
989,990,Moderate,Medium,Average,0.9275613488190422
990,991,Fast,High,Average,0.8397647240386029
991,992,Fast,High,Poor,0.35778492584176624
992,993,Moderate,High,Average,0.29563833177963617
993,994,Fast,High,Good,0.8526661531017207
994,995,Fast,High,Average,0.25339810755937264
995,996,Slow,High,Good,0.13181037349745917
996,997,Moderate,Low,Good,0.5145269365822405
997,998,Fast,Medium,Good,0.36999888595997743
998,999,Fast,Medium,Good,0.04511587860145949
999,1000,Slow,Low,Poor,0.3379699792404788
1000,1001,Slow,Medium,Good,0.754940200158329
1001,1002,Moderate,Low,Poor,0.6250267878103289
1002,1003,Moderate,Low,Good,0.6121586589432291
1003,1004,Moderate,Low,Average,0.6014107220036113
1004,1005,Fast,Low,Poor,0.4510892874668315
1005,1006,Slow,High,Good,0.5196678964659299
1006,1007,Moderate,Medium,Good,0.3243136638755806
1007,1008,Moderate,High,Average,0.3509220949656795
1008,1009,Slow,Low,Poor,0.4328015612263175
1009,1010,Slow,Low,Good,0.7043529564721301
1010,1011,Fast,High,Good,0.04182162378646537
1011,1012,Fast,Medium,Good,0.6438939417732101
1012,1013,Fast,High,Average,0.39772897562272236
1013,1014,Moderate,Low,Good,0.8950667229362141
1014,1015,Slow,Medium,Poor,0.7191780240519796
1015,1016,Fast,Medium,Good,0.9505920130759383
1016,1017,Slow,Low,Good,0.6792470013242746
1017,1018,Moderate,Medium,Poor,0.7959131424201564
1018,1019,Fast,Medium,Poor,0.3598825977545548
1019,1020,Moderate,Medium,Average,0.961640492315304
1020,1021,Moderate,Low,Average,0.4110471935560581
1021,1022,Fast,Medium,Poor,0.06297140873370044
1022,1023,Moderate,Medium,Good,0.5434698699813632
1023,1024,Moderate,Medium,Poor,0.6408541364156
1024,1025,Fast,Low,Average,0.21046174768321224
1025,1026,Slow,Low,Poor,0.5569251023902065
1026,1027,Moderate,Medium,Average,0.7691698695235875
1027,1028,Slow,High,Poor,0.27699781845471605
1028,1029,Fast,High,Poor,0.1320668107690408
1029,1030,Fast,Medium,Poor,0.030293226479625623
1030,1031,Moderate,High,Poor,0.2739148706299037
1031,1032,Fast,Low,Average,0.5903131723250685
1032,1033,Slow,High,Poor,0.19149340993080233
1033,1034,Slow,Medium,Average,0.6761417886014571
1034,1035,Moderate,Low,Average,0.9917788783346931
1035,1036,Slow,Low,Poor,0.9539208038467222
1036,1037,Slow,High,Good,0.9338587957857394
1037,1038,Slow,Medium,Average,0.09328738472196851
1038,1039,Moderate,High,Average,0.5705614046246065
1039,1040,Fast,High,Good,0.1260554313607034
1040,1041,Moderate,High,Poor,0.07608472676550726
1041,1042,Moderate,High,Average,0.9268067091100405
1042,1043,Fast,Medium,Poor,0.554866916999157
1043,1044,Slow,Low,Good,0.6313774363954292
1044,1045,Fast,Medium,Good,0.9107949305099489
1045,1046,Moderate,Low,Average,0.5327116220389853
1046,1047,Slow,Low,Average,0.451407670433569
1047,1048,Fast,High,Average,0.44836693543157646
1048,1049,Fast,Low,Poor,0.47594221754772414
1049,1050,Fast,High,Good,0.7344870403224036
1050,1051,Fast,Medium,Good,0.3386432714478632
1051,1052,Fast,Low,Average,0.6954884591776503
1052,1053,Fast,High,Average,0.13916001090796182
1053,1054,Moderate,Medium,Good,0.4891965179806156
1054,1055,Moderate,Low,Poor,0.5343855642352632
1055,1056,Fast,High,Good,0.8766842134606484
1056,1057,Slow,High,Average,0.3272211831614539
1057,1058,Moderate,High,Good,0.7748584021819559
1058,1059,Moderate,High,Poor,0.5069301160771944
1059,1060,Fast,Medium,Good,0.17866280533910295
1060,1061,Slow,High,Good,0.5665640032301404
1061,1062,Slow,Medium,Average,0.2196190454793372
1062,1063,Slow,High,Good,0.22490597055182238
1063,1064,Moderate,Low,Poor,0.9765019736460124
1064,1065,Slow,High,Average,0.8932666362670775
1065,1066,Moderate,Low,Average,0.08812656950055775
1066,1067,Moderate,Low,Poor,0.6109465257026532
1067,1068,Moderate,High,Average,0.5120233891087593
1068,1069,Moderate,High,Average,0.5736532029887571
1069,1070,Fast,Medium,Poor,0.6299205040612595
1070,1071,Moderate,Medium,Good,0.9434281072652854
1071,1072,Slow,Low,Good,0.2586498621593005
1072,1073,Fast,Low,Average,0.13895990524891622
1073,1074,Moderate,Medium,Average,0.16473400888772405
1074,1075,Fast,Low,Average,0.7127717935169045
1075,1076,Slow,Low,Average,0.5552633226079402
1076,1077,Slow,High,Good,0.36988862564812486
1077,1078,Fast,Low,Good,0.24987621016547767
1078,1079,Fast,Medium,Average,0.9891855748647834
1079,1080,Fast,High,Average,0.9423009379012067
1080,1081,Moderate,High,Good,0.17825014395796335
1081,1082,Moderate,High,Good,0.3771119845344445
1082,1083,Slow,High,Good,0.7164762626421669
1083,1084,Slow,Low,Poor,0.7220974462678807
1084,1085,Slow,Medium,Average,0.6952741329444169
1085,1086,Fast,Low,Good,0.8434277957090492
1086,1087,Fast,Medium,Good,0.6042054798633042
1087,1088,Slow,Low,Poor,0.3962355245373035
1088,1089,Fast,High,Average,0.22840896156743862
1089,1090,Fast,Low,Average,0.07824209858002273
1090,1091,Moderate,Low,Good,0.1626522181899006
1091,1092,Moderate,Low,Average,0.5200826832165839
1092,1093,Fast,Low,Average,0.7092971369176653
1093,1094,Fast,Medium,Good,0.809032699507332
1094,1095,Slow,Medium,Good,0.19177345829367098
1095,1096,Fast,Low,Good,0.2466884297439973
1096,1097,Fast,High,Average,0.9226231491291074
1097,1098,Slow,High,Poor,0.17826178148877347
1098,1099,Slow,High,Good,0.37593837540329333
1099,1100,Moderate,High,Good,0.9124850542303685
1100,1101,Fast,Low,Average,0.3391308154847027
1101,1102,Slow,Low,Average,0.9986173191643847
1102,1103,Fast,Low,Good,0.6337676597984959
1103,1104,Fast,Low,Average,0.009252522435902355
1104,1105,Slow,High,Good,0.6869274167743025
1105,1106,Fast,High,Good,0.30091907316541877
1106,1107,Moderate,Low,Average,0.09600694650615271
1107,1108,Slow,Low,Poor,0.5966305323571411
1108,1109,Slow,Medium,Poor,0.05264211262716112
1109,1110,Slow,Medium,Good,0.4678024120373392
1110,1111,Slow,Low,Good,0.7701312919289194
1111,1112,Moderate,Medium,Average,0.5174610093842912
1112,1113,Slow,High,Average,0.5829984797183156
1113,1114,Slow,Low,Average,0.030339246818318233
1114,1115,Fast,Low,Average,0.059512442563974366
1115,1116,Slow,Medium,Good,0.35424600318924426
1116,1117,Slow,High,Average,0.2974926699926682
1117,1118,Slow,Medium,Poor,0.6964377927022132
1118,1119,Moderate,Medium,Average,0.3858125217592894
1119,1120,Fast,Medium,Good,0.9721666237406904
1120,1121,Slow,High,Poor,0.5626325958673883
1121,1122,Moderate,Low,Average,0.31869725728539733
1122,1123,Moderate,Medium,Good,0.35499504103835355
1123,1124,Slow,Medium,Poor,0.8251929348056901
1124,1125,Fast,Low,Poor,0.34171187934168834
1125,1126,Moderate,Medium,Poor,0.44822801452608896
1126,1127,Moderate,Low,Poor,0.7155628273322324
1127,1128,Slow,Low,Poor,0.8353064608584502
1128,1129,Moderate,Low,Average,0.16870164280374567
1129,1130,Moderate,High,Poor,0.9788560151782346
1130,1131,Fast,Low,Poor,0.3736346520927243
1131,1132,Moderate,High,Good,0.2912233185782761
1132,1133,Moderate,Low,Poor,0.7529816172961168
1133,1134,Moderate,High,Good,0.0056313127480537295
1134,1135,Fast,Low,Good,0.29606384071258585
1135,1136,Fast,Low,Poor,0.17917967462532258
1136,1137,Fast,Medium,Poor,0.5838898233720484
1137,1138,Moderate,Medium,Good,0.956019710486567
1138,1139,Slow,Low,Good,0.7360173683653359
1139,1140,Moderate,Low,Poor,0.9500691552734062
1140,1141,Fast,High,Average,0.6089991110519285
1141,1142,Moderate,High,Poor,0.06164188343682353
1142,1143,Fast,Low,Good,0.30472280605297863
1143,1144,Slow,Low,Poor,0.1890172827464972
1144,1145,Moderate,Low,Average,0.5294357405412765
1145,1146,Moderate,Medium,Poor,0.6103938666440536
1146,1147,Fast,High,Average,0.0747459036363155
1147,1148,Slow,Medium,Poor,0.35748310349188284
1148,1149,Moderate,High,Average,0.9334133204495549
1149,1150,Slow,Low,Good,0.22569467439043023
1150,1151,Slow,High,Good,0.6342430909775426
1151,1152,Fast,Low,Good,0.07132298941281434
1152,1153,Slow,High,Good,0.3479686661552165
1153,1154,Moderate,Medium,Good,0.39398750771305513
1154,1155,Fast,Medium,Average,0.4702490853287543
1155,1156,Fast,High,Poor,0.946264493003082
1156,1157,Moderate,Medium,Average,0.9325431260859799
1157,1158,Slow,Low,Poor,0.10691986437982137
1158,1159,Moderate,Medium,Poor,0.7862928925962779
1159,1160,Moderate,High,Poor,0.690701039499166
1160,1161,Slow,Medium,Average,0.709905045779608
1161,1162,Moderate,Low,Average,0.8909953746442648
1162,1163,Slow,High,Good,0.4021563818439675
1163,1164,Fast,High,Average,0.20644523241620039
1164,1165,Moderate,Medium,Average,0.7179370236225695
1165,1166,Slow,Medium,Average,0.15664737836363352
1166,1167,Moderate,Low,Average,0.337219909910226
1167,1168,Fast,Low,Poor,0.943788889207958
1168,1169,Moderate,High,Average,0.4550154384644478
1169,1170,Slow,Medium,Average,0.12784973699346702
1170,1171,Moderate,Low,Average,0.26292424763214706
1171,1172,Moderate,Medium,Average,0.06440511601504317
1172,1173,Moderate,High,Poor,0.9094607980487712
1173,1174,Fast,Low,Average,0.043904613630637246
1174,1175,Slow,Low,Poor,0.8278286070661927
1175,1176,Fast,Medium,Good,0.7372276772498267
1176,1177,Slow,Low,Poor,0.903407755862793
1177,1178,Fast,High,Poor,0.8502673943359241
1178,1179,Slow,Medium,Average,0.9387498882798329
1179,1180,Slow,High,Poor,0.27875579946862916
1180,1181,Fast,Low,Poor,0.3870673133912932
1181,1182,Fast,High,Average,0.4271325310483912
1182,1183,Slow,High,Poor,0.9565708574521596
1183,1184,Slow,Medium,Good,0.29486562806969696
1184,1185,Slow,High,Average,0.1989168137372247
1185,1186,Fast,Medium,Poor,0.6030038404299115
1186,1187,Moderate,High,Poor,0.6679244735960846
1187,1188,Moderate,High,Average,0.1622355481405775
1188,1189,Fast,High,Poor,0.9871678396302044
1189,1190,Slow,Low,Poor,0.28733033322764945
1190,1191,Moderate,Medium,Good,0.5194487863912376
1191,1192,Moderate,High,Average,0.9021222382453876
1192,1193,Fast,Medium,Good,0.8172592689875229
1193,1194,Slow,Low,Average,0.8703959082257019
1194,1195,Fast,Low,Average,0.11805450726005196
1195,1196,Moderate,Low,Good,0.5789165325927175
1196,1197,Moderate,Low,Good,0.4553184100619284
1197,1198,Slow,High,Poor,0.6495324310653898
1198,1199,Moderate,Low,Average,0.9480532818528903
1199,1200,Moderate,High,Good,0.4764893973538262
1200,1201,Fast,High,Poor,0.023975447376531678
1201,1202,Slow,Medium,Poor,0.9623501334382779
1202,1203,Moderate,Medium,Average,0.2564440174631881
1203,1204,Slow,Medium,Poor,0.10939992546033395
1204,1205,Fast,Low,Good,0.8465507758198628
1205,1206,Slow,Medium,Good,0.9002348574321095
1206,1207,Fast,High,Poor,0.8090345502403417
1207,1208,Slow,High,Poor,0.5063697376522089
1208,1209,Fast,High,Poor,0.5021620107636534
1209,1210,Moderate,Low,Average,0.3524327315388416
1210,1211,Slow,Medium,Average,0.21790446981538492
1211,1212,Slow,Medium,Average,0.48071405648435594
1212,1213,Slow,Medium,Poor,0.7338953708995932
1213,1214,Fast,Low,Good,0.7930103076255994
1214,1215,Slow,Low,Average,0.7140870226850174
1215,1216,Slow,Medium,Poor,0.9661780248345367
1216,1217,Slow,Medium,Average,0.130876333457687
1217,1218,Fast,High,Good,0.46965425695162355
1218,1219,Moderate,Low,Average,0.4285646126017921
1219,1220,Fast,High,Poor,0.6219626241309765
1220,1221,Fast,Medium,Good,0.0093449534862442
1221,1222,Fast,Low,Poor,0.26536973312034395
1222,1223,Moderate,Medium,Average,0.30679428311010126
1223,1224,Slow,Low,Good,0.84141643602535
1224,1225,Moderate,Medium,Good,0.7795764488612695
1225,1226,Fast,Medium,Good,0.24271498679858317
1226,1227,Slow,Low,Poor,0.575520216966124
1227,1228,Slow,High,Good,0.7257710469577774
1228,1229,Fast,Low,Good,0.8845719870582626
1229,1230,Fast,High,Average,0.7554311006220276
1230,1231,Fast,High,Average,0.8226362715572205
1231,1232,Moderate,Low,Poor,0.42137694121385494
1232,1233,Fast,High,Good,0.5144038687461845
1233,1234,Moderate,High,Poor,0.41026913833171685
1234,1235,Slow,Low,Poor,0.6956407534454081
1235,1236,Slow,Low,Average,0.7683999289487798
1236,1237,Slow,High,Poor,0.02001172362877479
1237,1238,Slow,Low,Average,0.038118245188491606
1238,1239,Slow,Medium,Average,0.8689513946008063
1239,1240,Slow,Low,Good,0.1358324284132657
1240,1241,Slow,Medium,Poor,0.2000089211127476
1241,1242,Moderate,Medium,Poor,0.5598831655769838
1242,1243,Moderate,High,Good,0.2564875232071543
1243,1244,Slow,Medium,Good,0.25955224866498816
1244,1245,Moderate,Medium,Good,0.2933961447857848
1245,1246,Slow,High,Good,0.5960301609498011
1246,1247,Fast,Medium,Average,0.35300475097183626
1247,1248,Slow,Medium,Poor,0.6785170694844144
1248,1249,Fast,High,Poor,0.791640072183063
1249,1250,Moderate,Medium,Poor,0.7711360481708222
1250,1251,Moderate,High,Good,0.7188082349491646
1251,1252,Slow,Medium,Average,0.1188525784762372
1252,1253,Moderate,Low,Poor,0.7892437893521301
1253,1254,Slow,Medium,Good,0.7872503026693629
1254,1255,Moderate,Medium,Poor,0.6806038701191534
1255,1256,Slow,Low,Poor,0.08472868329031791
1256,1257,Fast,High,Poor,0.5037734437246341
1257,1258,Fast,Low,Average,0.5275637213568055
1258,1259,Fast,Medium,Good,0.949586767564585
1259,1260,Slow,Medium,Average,0.5605393524167709
1260,1261,Slow,High,Average,0.40032148248727994
1261,1262,Slow,Low,Poor,0.6655094087572134
1262,1263,Moderate,Medium,Good,0.005025503365311934
1263,1264,Moderate,Low,Good,0.9107979110488678
1264,1265,Fast,Medium,Average,0.7121881936741145
1265,1266,Moderate,Medium,Average,0.26162480629182994
1266,1267,Fast,Low,Average,0.7785638475467596
1267,1268,Moderate,Medium,Poor,0.8222747114729252
1268,1269,Moderate,High,Average,0.9361463354321129
1269,1270,Fast,Low,Average,0.2789661944201939
1270,1271,Fast,High,Good,0.21546943274921126
1271,1272,Moderate,Medium,Good,0.7189069446047903
1272,1273,Slow,Medium,Poor,0.67981812521997
1273,1274,Slow,Low,Poor,0.023110668467792195
1274,1275,Fast,Medium,Good,0.4112523984788691
1275,1276,Moderate,Low,Average,0.9634842786561725
1276,1277,Slow,Medium,Average,0.03042353965408562
1277,1278,Fast,Low,Average,0.7542313233495487
1278,1279,Moderate,Low,Average,0.9384682123658125
1279,1280,Moderate,Low,Good,0.9076819452191535
1280,1281,Slow,Low,Poor,0.6049408131977551
1281,1282,Slow,Low,Average,0.2343050993371779
1282,1283,Moderate,High,Poor,0.8352292908460148
1283,1284,Fast,Low,Poor,0.9815790297645944
1284,1285,Moderate,High,Good,0.3861363985285714
1285,1286,Moderate,Medium,Poor,0.6771274885739019
1286,1287,Fast,Low,Average,0.9385855957785052
1287,1288,Slow,Low,Good,0.4274082879043153
1288,1289,Moderate,Medium,Average,0.4401484472241325
1289,1290,Fast,Medium,Average,0.5302632256383486
1290,1291,Moderate,Medium,Good,0.741806475246172
1291,1292,Slow,High,Poor,0.7917161675842714
1292,1293,Fast,Low,Average,0.570689661576848
1293,1294,Moderate,Medium,Average,0.00018519529544280822
1294,1295,Slow,Low,Average,0.10962819440343974
1295,1296,Slow,Medium,Poor,0.3367926110821068
1296,1297,Moderate,High,Good,0.9569917688704415
1297,1298,Fast,Low,Poor,0.8429503901768098
1298,1299,Moderate,High,Average,0.8301772429995874
1299,1300,Fast,High,Good,0.12423670555580901
1300,1301,Fast,Medium,Good,0.9531671767711674
1301,1302,Moderate,High,Good,0.29338967558297835
1302,1303,Moderate,High,Poor,0.583435634710885
1303,1304,Slow,Medium,Good,0.818737990454652
1304,1305,Slow,Low,Average,0.897508835108354
1305,1306,Moderate,Low,Poor,0.2502463252629369
1306,1307,Fast,High,Average,0.17615391250286005
1307,1308,Moderate,High,Good,0.9333754991419687
1308,1309,Moderate,Low,Average,0.6438679275551263
1309,1310,Slow,High,Average,0.7290337428294941
1310,1311,Moderate,High,Average,0.5032094167515431
1311,1312,Fast,Medium,Average,0.42932134196763627
1312,1313,Moderate,Medium,Average,0.1770432945283974
1313,1314,Fast,High,Average,0.03429167831054236
1314,1315,Slow,Low,Good,0.5793797273479487
1315,1316,Fast,Medium,Poor,0.5046410559480753
1316,1317,Fast,Medium,Poor,0.9361481045130232
1317,1318,Moderate,High,Good,0.31119360246894445
1318,1319,Moderate,Low,Average,0.9219556301327502
1319,1320,Slow,High,Average,0.558134158128215
1320,1321,Fast,High,Average,0.23213391280015616
1321,1322,Fast,High,Good,0.9852073259110937
1322,1323,Slow,High,Poor,0.46577019549792753
1323,1324,Moderate,Medium,Poor,0.18772807549827364
1324,1325,Moderate,Medium,Good,0.31671712202521607
1325,1326,Slow,Medium,Good,0.583195161883046
1326,1327,Fast,High,Poor,0.6538299638276777
1327,1328,Moderate,Low,Average,0.899857281849195
1328,1329,Fast,High,Poor,0.8073709397924894
1329,1330,Moderate,Medium,Average,0.3370027913372585
1330,1331,Fast,High,Good,0.20265692199043106
1331,1332,Fast,High,Good,0.25924013539027013
1332,1333,Moderate,Medium,Poor,0.34801335376349296
1333,1334,Fast,High,Average,0.4161185444318599
1334,1335,Moderate,Medium,Poor,0.41674906062405315
1335,1336,Fast,Medium,Poor,0.65025071964619
1336,1337,Fast,Low,Good,0.8279120621490643
1337,1338,Slow,High,Average,0.2654992172182822
1338,1339,Slow,Low,Poor,0.5322458071417807
1339,1340,Fast,Medium,Poor,0.40799436224815233
1340,1341,Moderate,Medium,Average,0.34110271380245805
1341,1342,Fast,Low,Good,0.3196181255080712
1342,1343,Slow,Medium,Poor,0.5560524242799609
1343,1344,Moderate,High,Good,0.4921166570858616
1344,1345,Moderate,Medium,Good,0.6689537100682745
1345,1346,Moderate,High,Poor,0.7542823330352161
1346,1347,Fast,Medium,Poor,0.683018318494161
1347,1348,Moderate,High,Good,0.8612334118867375
1348,1349,Moderate,Medium,Average,0.015562546258716003
1349,1350,Slow,High,Average,0.23233554592401817
1350,1351,Slow,High,Poor,0.039451952922691436
1351,1352,Slow,Medium,Average,0.5671630879133922
1352,1353,Fast,Medium,Poor,0.46930299636000705
1353,1354,Fast,Low,Poor,0.6249224697884563
1354,1355,Moderate,Medium,Good,0.854746132030725
1355,1356,Slow,Medium,Good,0.2402271663955453
1356,1357,Moderate,Low,Average,0.23179027761657967
1357,1358,Slow,Low,Poor,0.4553641345615005
1358,1359,Slow,High,Average,0.474325570550291
1359,1360,Moderate,High,Good,0.6744325564685969
1360,1361,Fast,Low,Average,0.49815072025114837
1361,1362,Moderate,Low,Average,0.021192246227852762
1362,1363,Slow,Low,Poor,0.24241881388721087
1363,1364,Fast,High,Poor,0.5421375093061667
1364,1365,Fast,Medium,Good,0.6266436833117583
1365,1366,Moderate,High,Good,0.5385833858542034
1366,1367,Slow,High,Average,0.6400487969300563
1367,1368,Fast,High,Good,0.8747019843267121
1368,1369,Fast,Low,Poor,0.18761098854542468
1369,1370,Slow,Low,Average,0.8886426693629551
1370,1371,Slow,High,Poor,0.9858068210084251
1371,1372,Fast,High,Good,0.23419442561681292
1372,1373,Fast,High,Good,0.21179928858154773
1373,1374,Fast,Medium,Poor,0.9619776547341259
1374,1375,Fast,High,Good,0.028457391843922486
1375,1376,Slow,High,Poor,0.3312138146231214
1376,1377,Fast,Medium,Average,0.9063542110956462
1377,1378,Fast,Low,Average,0.502301717661742
1378,1379,Slow,Low,Average,0.2915777167599307
1379,1380,Moderate,High,Poor,0.9650316229099188
1380,1381,Slow,Medium,Poor,0.5456084644271506
1381,1382,Slow,Low,Good,0.6072294502983907
1382,1383,Slow,Low,Poor,0.5891334031560382
1383,1384,Fast,High,Good,0.799578644102003
1384,1385,Slow,High,Poor,0.33267298653032384
1385,1386,Slow,Low,Good,0.36495718766822516
1386,1387,Moderate,Low,Good,0.47552652162619335
1387,1388,Fast,Medium,Poor,0.9669850180280375
1388,1389,Moderate,Low,Good,0.9841649594832149
1389,1390,Moderate,Medium,Poor,0.2529118055562871
1390,1391,Slow,Medium,Average,0.935217810170875
1391,1392,Moderate,High,Average,0.5013964785953243
1392,1393,Fast,High,Good,0.2710629901403637
1393,1394,Slow,High,Poor,0.7134573604340441
1394,1395,Fast,Medium,Good,0.9543693622282359
1395,1396,Slow,Low,Average,0.31014722109080206
1396,1397,Moderate,Medium,Good,0.43233389987866533
1397,1398,Slow,Medium,Poor,0.49677011312716357
1398,1399,Moderate,High,Poor,0.8301829666176939
1399,1400,Slow,Medium,Average,0.9970218045616971
1400,1401,Fast,Low,Average,0.8289298911930121
1401,1402,Slow,Low,Poor,0.7132190050771051
1402,1403,Moderate,High,Average,0.6677772264457613
1403,1404,Fast,High,Good,0.007219947003717753
1404,1405,Slow,High,Average,0.48403894022784844
1405,1406,Fast,High,Poor,0.3590707790431512
1406,1407,Moderate,Medium,Good,0.7384839721861057
1407,1408,Fast,High,Good,0.36798507718678664
1408,1409,Moderate,Medium,Poor,0.7242049128083701
1409,1410,Moderate,High,Good,0.9082585546770661
1410,1411,Moderate,Medium,Poor,0.9127010103571104
1411,1412,Slow,Low,Good,0.4271065628370424
1412,1413,Slow,High,Poor,0.1908094914463071
1413,1414,Moderate,Low,Poor,0.25379764255599213
1414,1415,Slow,Medium,Average,0.9738777670436397
1415,1416,Moderate,Medium,Poor,0.23273024187005353
1416,1417,Fast,Low,Average,0.7120634214091708
1417,1418,Moderate,Low,Average,0.6939921083892756
1418,1419,Fast,High,Poor,0.2500567585101532
1419,1420,Moderate,High,Average,0.40244513844359253
1420,1421,Moderate,Medium,Poor,0.14206160944306223
1421,1422,Moderate,Low,Average,0.8734731710560043
1422,1423,Moderate,Medium,Average,0.4920817053884151
1423,1424,Slow,High,Good,0.7651531608485469
1424,1425,Slow,Low,Good,0.6226260273619194
1425,1426,Moderate,Medium,Average,0.15670929576291914
1426,1427,Fast,Medium,Average,0.8877535094139863
1427,1428,Fast,High,Poor,0.002140919345475223
1428,1429,Moderate,Medium,Poor,0.34617507730612906
1429,1430,Moderate,Low,Good,0.9044739272812876
1430,1431,Slow,High,Good,0.1312154829316865
1431,1432,Fast,High,Good,0.17839825192858105
1432,1433,Slow,Medium,Good,0.7768603268982814
1433,1434,Slow,High,Average,0.2542178290666882
1434,1435,Slow,High,Poor,0.019248963848893963
1435,1436,Moderate,Low,Poor,0.3095419918620881
1436,1437,Fast,Low,Good,0.5416868240337284
1437,1438,Moderate,Low,Average,0.7455030853527727
1438,1439,Slow,Low,Poor,0.9692491388225086
1439,1440,Slow,High,Good,0.6450098154915673
1440,1441,Fast,High,Average,0.26927042430520765
1441,1442,Moderate,High,Average,0.17675686742346075
1442,1443,Slow,High,Good,0.785202867912825
1443,1444,Slow,Low,Poor,0.6977970330625238
1444,1445,Moderate,High,Good,0.6427519139595469
1445,1446,Moderate,High,Good,0.4482265821082245
1446,1447,Moderate,Medium,Poor,0.7809448189504872
1447,1448,Moderate,Low,Good,0.8386571544924571
1448,1449,Moderate,Low,Good,0.08292715250972604
1449,1450,Slow,Medium,Good,0.9899806149891808
1450,1451,Moderate,Medium,Good,0.5007349061441984
1451,1452,Fast,High,Poor,0.6937412986983286
1452,1453,Moderate,High,Average,0.9728566047103429
1453,1454,Moderate,High,Good,0.39425823549574524
1454,1455,Moderate,Low,Good,0.9937731027679316
1455,1456,Moderate,High,Good,0.8349695494811857
1456,1457,Slow,Medium,Average,0.2897376005288893
1457,1458,Moderate,Low,Average,0.3703201754505222
1458,1459,Slow,Low,Poor,0.42463115979029087
1459,1460,Slow,Medium,Poor,0.9740312249720638
1460,1461,Fast,Medium,Good,0.3688825215558892
1461,1462,Fast,Low,Good,0.05208790692715093
1462,1463,Moderate,Medium,Average,0.8530135589879255
1463,1464,Slow,High,Average,0.7139145840836343
1464,1465,Fast,Medium,Poor,0.3267410624773712
1465,1466,Fast,High,Poor,0.2515130396764008
1466,1467,Fast,High,Poor,0.41469811830512815
1467,1468,Slow,Medium,Poor,0.848752700565235
1468,1469,Moderate,Medium,Average,0.5336051011223095
1469,1470,Moderate,Medium,Good,0.009005664264475244
1470,1471,Slow,High,Average,0.3038071257363676
1471,1472,Moderate,Medium,Poor,0.46256330831379955
1472,1473,Fast,High,Average,0.0372538806141961
1473,1474,Fast,Medium,Poor,0.5318235108108051
1474,1475,Fast,Low,Poor,0.45299810082996383
1475,1476,Fast,Low,Good,0.27350286582970706
1476,1477,Fast,Low,Average,0.16713241731358774
1477,1478,Slow,Low,Good,0.6469467083373054
1478,1479,Slow,Low,Poor,0.5442000021136278
1479,1480,Slow,Medium,Good,0.6789030208597069
1480,1481,Moderate,High,Poor,0.41276307274879365
1481,1482,Moderate,High,Good,0.44545868837093394
1482,1483,Fast,Low,Average,0.030783102237640136
1483,1484,Slow,Medium,Good,0.39815494458477496
1484,1485,Slow,Medium,Poor,0.330632954859542
1485,1486,Fast,Medium,Poor,0.5921232363510185
1486,1487,Moderate,High,Poor,0.7672783010536482
1487,1488,Slow,Medium,Good,0.6587861176809129
1488,1489,Slow,High,Poor,0.29650157102393904
1489,1490,Slow,High,Good,0.5435939684651695
1490,1491,Fast,Medium,Good,0.583386232327748
1491,1492,Fast,High,Good,0.7100293476752291
1492,1493,Slow,High,Average,0.11786010867977015
1493,1494,Fast,High,Average,0.9409461932706544
1494,1495,Moderate,Low,Poor,0.7051131466389949
1495,1496,Slow,High,Good,0.3918430129328524
1496,1497,Moderate,Medium,Average,0.8454192017007699
1497,1498,Moderate,Medium,Poor,0.27154476866843913
1498,1499,Fast,Medium,Average,0.8237242861369873
1499,1500,Slow,High,Poor,0.009860728337139468
1500,1501,Slow,Low,Average,0.16104621496068006
1501,1502,Slow,Medium,Good,0.8026758125262868
1502,1503,Fast,Medium,Average,0.5630942778724928
1503,1504,Slow,High,Average,0.2540211490955627
1504,1505,Moderate,Low,Good,0.3347226869146519
1505,1506,Moderate,Medium,Average,0.4739197609111919
1506,1507,Slow,Medium,Average,0.9488458384670612
1507,1508,Slow,Low,Average,0.40375661047834654
1508,1509,Moderate,High,Poor,0.9628623341857422
1509,1510,Moderate,High,Average,0.8687572305365872
1510,1511,Slow,High,Good,0.2564055930082839
1511,1512,Slow,Low,Poor,0.38954916448152244
1512,1513,Slow,Medium,Poor,0.4975751441541355
1513,1514,Moderate,High,Average,0.6147709531562623
1514,1515,Fast,High,Average,0.3033699455720126
1515,1516,Moderate,Medium,Average,0.20832694686003972
1516,1517,Moderate,Medium,Good,0.7424575642135566
1517,1518,Slow,Low,Average,0.3640274692145663
1518,1519,Slow,Low,Average,0.7550939672981465
1519,1520,Slow,High,Good,0.5718696893717321
1520,1521,Slow,Low,Poor,0.9451175073425461
1521,1522,Moderate,Medium,Average,0.8914538731447493
1522,1523,Fast,Low,Average,0.9836425310328117
1523,1524,Fast,Medium,Good,0.8269490250841108
1524,1525,Fast,Low,Good,0.4967238260981782
1525,1526,Fast,High,Average,0.2746481928684883
1526,1527,Slow,Medium,Average,0.4705050789923272
1527,1528,Moderate,Low,Poor,0.512474704119517
1528,1529,Slow,High,Poor,0.651489153529613
1529,1530,Moderate,Medium,Poor,0.4134732641219685
1530,1531,Fast,Low,Good,0.7277095184072376
1531,1532,Slow,High,Good,0.7485647184536268
1532,1533,Fast,High,Good,0.9507127499973624
1533,1534,Moderate,Low,Poor,0.9543459516233008
1534,1535,Fast,Medium,Poor,0.4394482232929203
1535,1536,Moderate,Medium,Average,0.22609919362669217
1536,1537,Slow,Medium,Average,0.03861660561225089
1537,1538,Moderate,Medium,Good,0.1930149854056986
1538,1539,Fast,Low,Poor,0.07145138060942235
1539,1540,Fast,Medium,Poor,0.13299858707463919
1540,1541,Moderate,High,Poor,0.26367545859548913
1541,1542,Moderate,Medium,Poor,0.8327750312273491
1542,1543,Moderate,Medium,Good,0.6621858857118336
1543,1544,Moderate,High,Good,0.28721257112736154
1544,1545,Moderate,Medium,Average,0.8978833777644819
1545,1546,Moderate,Medium,Average,0.9501807108180417
1546,1547,Fast,High,Average,0.6787759835204289
1547,1548,Slow,Medium,Poor,0.9968488878594198
1548,1549,Moderate,High,Average,0.16554079482308726
1549,1550,Fast,Low,Good,0.9809065582901296
1550,1551,Fast,Low,Poor,0.6038779896240879
1551,1552,Fast,High,Average,0.36420222264951607
1552,1553,Fast,Low,Good,0.14511073548160514
1553,1554,Slow,Low,Poor,0.16540090450135903
1554,1555,Slow,Medium,Poor,0.6564715175301649
1555,1556,Moderate,High,Poor,0.5154974759769905
1556,1557,Moderate,Medium,Average,0.5577647590980618
1557,1558,Slow,Low,Poor,0.6465350987807326
1558,1559,Slow,Low,Average,0.49863350644027893
1559,1560,Slow,Low,Average,0.04786559890610709
1560,1561,Slow,Low,Poor,0.25220005061691286
1561,1562,Fast,Low,Poor,0.11759961659870177
1562,1563,Moderate,Medium,Average,0.5973493009778531
1563,1564,Slow,Medium,Poor,0.43369693310695956
1564,1565,Fast,Medium,Average,0.6679367445480653
1565,1566,Slow,Low,Average,0.4938359406519234
1566,1567,Moderate,Low,Good,0.31754565765533804
1567,1568,Fast,Low,Average,0.08504362130607113
1568,1569,Moderate,Low,Good,0.7161276404767375
1569,1570,Moderate,Low,Good,0.43325074269575037
1570,1571,Slow,High,Poor,0.1733731567575082
1571,1572,Slow,Medium,Average,0.25243119410203996
1572,1573,Moderate,Low,Poor,0.6447936024607496
1573,1574,Slow,Medium,Good,0.9423435076713574
1574,1575,Fast,High,Average,0.06391132094914109
1575,1576,Fast,Medium,Good,0.5959268121167338
1576,1577,Slow,High,Average,0.35638243047877394
1577,1578,Fast,Medium,Poor,0.705619804180144
1578,1579,Fast,High,Good,0.7003063538838071
1579,1580,Moderate,Medium,Average,0.4079914834695869
1580,1581,Moderate,Low,Average,0.5062310360908802
1581,1582,Slow,High,Poor,0.8518368088189332
1582,1583,Slow,High,Average,0.19964864195602305
1583,1584,Fast,High,Poor,0.2554282810460905
1584,1585,Moderate,Medium,Poor,0.5749534932296414
1585,1586,Moderate,Medium,Poor,0.7719644343498835
1586,1587,Moderate,Low,Average,0.52269726463837
1587,1588,Slow,Medium,Average,0.8553144643629383
1588,1589,Fast,High,Average,0.6750466222899199
1589,1590,Fast,Medium,Good,0.5009693018588683
1590,1591,Slow,Medium,Poor,0.10447298581593623
1591,1592,Slow,Low,Good,0.10463780692762559
1592,1593,Moderate,High,Good,0.6061095998529731
1593,1594,Moderate,Low,Poor,0.6729178242869764
1594,1595,Moderate,High,Poor,0.1962872001430761
1595,1596,Moderate,Low,Average,0.8460034233973969
1596,1597,Moderate,Medium,Average,0.6221669241736077
1597,1598,Slow,High,Average,0.9102217014103121
1598,1599,Slow,High,Good,0.8335396315437738
1599,1600,Fast,Medium,Average,0.9321617192136323
1600,1601,Fast,Medium,Poor,0.5558404876834986
1601,1602,Moderate,High,Good,0.05548394206791063
1602,1603,Slow,Medium,Poor,0.07989368779136086
1603,1604,Slow,Low,Average,0.6906680154387221
1604,1605,Fast,Medium,Poor,0.30274757047123246
1605,1606,Moderate,Medium,Good,0.95583082968299
1606,1607,Fast,High,Poor,0.538194371684403
1607,1608,Moderate,Low,Poor,0.4738084349601387
1608,1609,Slow,Low,Poor,0.23000045254839985
1609,1610,Fast,Low,Average,0.806899347919689
1610,1611,Slow,High,Average,0.8590463297066561
1611,1612,Moderate,Medium,Good,0.08148997730927654
1612,1613,Moderate,High,Average,0.5949160209188715
1613,1614,Moderate,High,Poor,0.4144479350354795
1614,1615,Moderate,High,Good,0.4202902600542552
1615,1616,Moderate,High,Good,0.2559807588429972
1616,1617,Fast,High,Good,0.42084338838666824
1617,1618,Slow,High,Average,0.9044253423171502
1618,1619,Moderate,Low,Average,0.2428014998262752
1619,1620,Slow,High,Good,0.3200109892470634
1620,1621,Slow,Medium,Good,0.8257584576169683
1621,1622,Fast,High,Average,0.22252104417744645
1622,1623,Fast,High,Average,0.7715464573123775
1623,1624,Slow,Low,Good,0.9458311711158697
1624,1625,Slow,High,Poor,0.7023961425404268
1625,1626,Moderate,Medium,Average,0.3150559693186544
1626,1627,Fast,Low,Average,0.35390582625685874
1627,1628,Moderate,Medium,Average,0.9128388581939751
1628,1629,Moderate,High,Average,0.14049731486080164
1629,1630,Slow,Medium,Good,0.246617422690674
1630,1631,Moderate,Medium,Average,0.8838293234754855
1631,1632,Moderate,Medium,Average,0.7587735622539384
1632,1633,Slow,Low,Average,0.29988574005580493
1633,1634,Fast,High,Average,0.8700551931092828
1634,1635,Slow,Medium,Poor,0.07023730586948107
1635,1636,Slow,High,Poor,0.8704108285583003
1636,1637,Fast,High,Good,0.5178453121869052
1637,1638,Fast,Medium,Good,0.5330305614882556
1638,1639,Slow,Medium,Good,0.31478562371695795
1639,1640,Fast,High,Good,0.14058483124889698
1640,1641,Fast,High,Average,0.6760560050132531
1641,1642,Slow,High,Average,0.6757467603471771
1642,1643,Moderate,Low,Good,0.46630298998189756
1643,1644,Slow,High,Average,0.6704155146589565
1644,1645,Moderate,Low,Good,0.8953962676434433
1645,1646,Fast,High,Poor,0.48447280903319256
1646,1647,Slow,Low,Average,0.8424577277107875
1647,1648,Fast,Low,Poor,0.8311272167177457
1648,1649,Fast,High,Poor,0.00245458644384422
1649,1650,Slow,Medium,Average,0.0941696982472372
1650,1651,Moderate,Medium,Average,0.25462686665289547
1651,1652,Fast,Medium,Good,0.8871686882945911
1652,1653,Fast,Low,Poor,0.368374507584734
1653,1654,Slow,Low,Poor,0.38641556183058123
1654,1655,Fast,Low,Average,0.7494467879338654
1655,1656,Slow,Low,Average,0.13214337816986055
1656,1657,Moderate,Medium,Average,0.5993792222611017
1657,1658,Fast,Low,Average,0.7176455863427427
1658,1659,Fast,High,Poor,0.2719651077780826
1659,1660,Slow,Medium,Good,0.033403006577434446
1660,1661,Moderate,Medium,Poor,0.08186150591629393
1661,1662,Fast,Medium,Average,0.5323477279546288
1662,1663,Slow,High,Average,0.0455501559653525
1663,1664,Moderate,High,Average,0.40822182258823203
1664,1665,Slow,High,Average,0.2169432254073359
1665,1666,Fast,High,Poor,0.44184808717385704
1666,1667,Slow,Low,Good,0.43997376704238
1667,1668,Slow,High,Average,0.10524189807765238
1668,1669,Fast,Low,Poor,0.7416608094763181
1669,1670,Slow,Medium,Average,0.21140018456090004
1670,1671,Fast,High,Average,0.826269149862581
1671,1672,Moderate,High,Good,0.9928634336035523
1672,1673,Moderate,High,Poor,0.9693172032693367
1673,1674,Fast,High,Poor,0.7893334823405523
1674,1675,Fast,Medium,Average,0.6557773017841801
1675,1676,Fast,Medium,Poor,0.030397414811526136
1676,1677,Slow,Low,Poor,0.8157092700020729
1677,1678,Slow,Low,Poor,0.11482903172136949
1678,1679,Slow,High,Good,0.6462525176571905
1679,1680,Fast,Low,Good,0.722461310338954
1680,1681,Moderate,Low,Poor,0.9021761599774838
1681,1682,Moderate,Medium,Poor,0.7756546353260334
1682,1683,Fast,High,Average,0.6788782323905966
1683,1684,Moderate,High,Poor,0.3099299092291664
1684,1685,Fast,Medium,Average,0.7861006466076711
1685,1686,Moderate,High,Poor,0.2044553814193969
1686,1687,Moderate,Low,Good,0.6707600217115339
1687,1688,Moderate,Low,Good,0.8624043522930891
1688,1689,Fast,Low,Poor,0.1620224163644397
1689,1690,Fast,High,Average,0.23959488296539133
1690,1691,Fast,Low,Good,0.7568836076530354
1691,1692,Moderate,Low,Poor,0.07187525370862446
1692,1693,Fast,High,Average,0.8347984925799404
1693,1694,Moderate,Medium,Average,0.580332190257909
1694,1695,Slow,Low,Good,0.4858205588603991
1695,1696,Moderate,High,Poor,0.7180062101076479
1696,1697,Fast,Medium,Average,0.9404013722621856
1697,1698,Slow,High,Good,0.9769710546262609
1698,1699,Slow,Low,Good,0.32540496232958716
1699,1700,Fast,Low,Poor,0.5690669982420896
1700,1701,Moderate,High,Good,0.5354583089593412
1701,1702,Moderate,Medium,Good,0.6400903965861701
1702,1703,Moderate,Medium,Good,0.20674664574023915
1703,1704,Slow,Low,Average,0.5690436499956663
1704,1705,Slow,High,Poor,0.4880601562696629
1705,1706,Fast,Medium,Poor,0.8194807217006219
1706,1707,Slow,Medium,Average,0.9016533867127051
1707,1708,Fast,Medium,Good,0.25604448637612787
1708,1709,Slow,High,Average,0.14154885098782333
1709,1710,Moderate,Medium,Good,0.04397164162145484
1710,1711,Fast,Low,Good,0.05690148049762156
1711,1712,Slow,Medium,Average,0.4412878027999434
1712,1713,Slow,Low,Average,0.10193380538260854
1713,1714,Fast,Medium,Good,0.42358582687907886
1714,1715,Slow,High,Average,0.2670609402393602
1715,1716,Fast,Medium,Good,0.6096935693740385
1716,1717,Fast,Low,Good,0.5583921163286737
1717,1718,Fast,High,Poor,0.5291032676604385
1718,1719,Fast,Medium,Average,0.6709589010435523
1719,1720,Moderate,High,Average,0.8742518766843361
1720,1721,Fast,High,Poor,0.7733040401143754
1721,1722,Fast,Low,Poor,0.3480703708611401
1722,1723,Moderate,Medium,Average,0.5537739542944381
1723,1724,Fast,Low,Poor,0.5796579636763161
1724,1725,Fast,High,Good,0.9524512631463853
1725,1726,Slow,Low,Good,0.8957988575088416
1726,1727,Slow,Medium,Good,0.8210722230570188
1727,1728,Fast,High,Good,0.2508923763538512
1728,1729,Fast,High,Poor,0.2044667201975755
1729,1730,Moderate,Medium,Good,0.14989429532815812
1730,1731,Moderate,High,Good,0.13877588411263075
1731,1732,Slow,Low,Good,0.04421074393570057
1732,1733,Fast,High,Average,0.06913333581748937
1733,1734,Moderate,High,Average,0.9657915301069676
1734,1735,Moderate,Low,Average,0.05341376324954861
1735,1736,Moderate,Medium,Good,0.612722051941757
1736,1737,Fast,Medium,Poor,0.3179393297068228
1737,1738,Slow,High,Average,0.042334945902492094
1738,1739,Fast,Low,Poor,0.1318366178035142
1739,1740,Slow,Medium,Poor,0.34766567075886656
1740,1741,Moderate,Medium,Average,0.6451371239357206
1741,1742,Moderate,Low,Average,0.9450057830086813
1742,1743,Fast,Medium,Poor,0.8024517454814937
1743,1744,Fast,Low,Average,0.14255625713494002
1744,1745,Slow,Medium,Good,0.6021018301273497
1745,1746,Fast,High,Poor,0.6399306874505247
1746,1747,Moderate,Low,Average,0.013231279193618217
1747,1748,Slow,Low,Poor,0.7068728455434385
1748,1749,Fast,High,Good,0.11463994358570684
1749,1750,Moderate,Medium,Average,0.8263987737446334
1750,1751,Slow,Medium,Poor,0.9236893410218703
1751,1752,Slow,Low,Average,0.46311803395045037
1752,1753,Moderate,High,Average,0.8591821994111084
1753,1754,Fast,Medium,Average,0.16988667480662
1754,1755,Moderate,High,Good,0.9516035624997881
1755,1756,Fast,Medium,Poor,0.17731125352264487
1756,1757,Moderate,Low,Poor,0.18526802215258753
1757,1758,Fast,High,Good,0.799265965959968
1758,1759,Fast,High,Good,0.9220926535723316
1759,1760,Fast,Medium,Average,0.769186789995928
1760,1761,Moderate,High,Good,0.37180299127453575
1761,1762,Fast,High,Good,0.08744908436888665
1762,1763,Moderate,Low,Poor,0.13905912579392954
1763,1764,Moderate,Medium,Average,0.7982211815880134
1764,1765,Moderate,Low,Average,0.7443037173373661
1765,1766,Slow,Medium,Average,0.42543119425634557
1766,1767,Slow,Medium,Average,0.018548195724407468
1767,1768,Moderate,Low,Poor,0.4814353459576055
1768,1769,Slow,Medium,Good,0.9808433682238985
1769,1770,Moderate,High,Poor,0.16979263955094737
1770,1771,Fast,Low,Poor,0.44511103472012814
1771,1772,Fast,High,Good,0.7330242148636581
1772,1773,Fast,Low,Poor,0.8831330623274579
1773,1774,Fast,Medium,Poor,0.4211913798253908
1774,1775,Fast,Low,Average,0.19187671310235677
1775,1776,Moderate,Low,Good,0.8453372225064139
1776,1777,Moderate,Medium,Average,0.4167086638472298
1777,1778,Moderate,Low,Poor,0.415916532932716
1778,1779,Fast,High,Poor,0.37570580538027054
1779,1780,Moderate,Low,Good,0.7040856686423355
1780,1781,Moderate,Low,Average,0.44626225180989865
1781,1782,Moderate,Medium,Poor,0.3650456934761135
1782,1783,Slow,Low,Good,0.007759648337424485
1783,1784,Slow,Medium,Poor,0.9794198731378522
1784,1785,Moderate,Low,Poor,0.6348361559792174
1785,1786,Fast,High,Average,0.33227907039199667
1786,1787,Moderate,Low,Good,0.1171072315052778
1787,1788,Slow,Medium,Good,0.44391669804653977
1788,1789,Moderate,High,Poor,0.4174745560781662
1789,1790,Fast,High,Poor,0.8263631848564645
1790,1791,Moderate,High,Good,0.5223833054267352
1791,1792,Moderate,Medium,Average,0.5609564994971462
1792,1793,Slow,High,Poor,0.3924518848685079
1793,1794,Moderate,High,Poor,0.6833362812802138
1794,1795,Slow,High,Average,0.21237065530249777
1795,1796,Fast,Medium,Good,0.15441494433999237
1796,1797,Slow,High,Poor,0.2229744880099821
1797,1798,Slow,Low,Good,0.7835560166424261
1798,1799,Slow,Low,Good,0.4178115829015002
1799,1800,Fast,Medium,Poor,0.5767608474359243
1800,1801,Fast,High,Average,0.3434305880194931
1801,1802,Moderate,Medium,Poor,0.9432342833469689
1802,1803,Moderate,Low,Poor,0.2936764133584362
1803,1804,Moderate,Low,Good,0.5460245933207503
1804,1805,Moderate,Low,Good,0.3985996627184558
1805,1806,Moderate,Medium,Poor,0.30835507063231027
1806,1807,Fast,High,Good,0.5435343783741237
1807,1808,Moderate,Medium,Average,0.16039387500614521
1808,1809,Slow,High,Good,0.6212001446041822
1809,1810,Fast,Medium,Average,0.854820052992188
1810,1811,Fast,Low,Average,0.6277004136007399
1811,1812,Fast,High,Poor,0.7093238527759673
1812,1813,Slow,Medium,Good,0.017878484034818065
1813,1814,Fast,Medium,Average,0.5703860995762268
1814,1815,Moderate,Medium,Good,0.8383378205933852
1815,1816,Fast,Low,Poor,0.9714018486086462
1816,1817,Moderate,Low,Average,0.3501048042845637
1817,1818,Fast,Medium,Average,0.9062542367378682
1818,1819,Moderate,High,Good,0.8327586684527142
1819,1820,Fast,Medium,Average,0.48127615051161676
1820,1821,Slow,Medium,Poor,0.5092115852460426
1821,1822,Fast,Medium,Average,0.9531775382631392
1822,1823,Fast,High,Poor,0.8122395386087472
1823,1824,Moderate,High,Poor,0.5648127810861823
1824,1825,Moderate,High,Poor,0.49035044105566084
1825,1826,Fast,Low,Poor,0.3373928312487664
1826,1827,Slow,Medium,Good,0.43202479963374163
1827,1828,Fast,Low,Average,0.003929321422217802
1828,1829,Fast,High,Good,0.7543759555249097
1829,1830,Moderate,High,Good,0.7242098308133599
1830,1831,Fast,High,Good,0.9043328475325398
1831,1832,Moderate,Low,Poor,0.9174258528045012
1832,1833,Moderate,Medium,Good,0.1089716293039158
1833,1834,Moderate,Medium,Good,0.35545985188413864
1834,1835,Slow,High,Average,0.6637667361217
1835,1836,Moderate,High,Poor,0.784441542070729
1836,1837,Slow,Low,Poor,0.32088139903664337
1837,1838,Fast,Low,Poor,0.8727963250794428
1838,1839,Fast,Medium,Average,0.13073473945784997
1839,1840,Fast,Medium,Good,0.9226758285242411
1840,1841,Fast,Low,Good,0.05478724692491377
1841,1842,Fast,Low,Good,0.635874527331007
1842,1843,Fast,Medium,Good,0.033393204865857395
1843,1844,Slow,High,Average,0.8555111753865077
1844,1845,Moderate,Low,Average,0.9698207852410403
1845,1846,Fast,Medium,Good,0.32136995574087035
1846,1847,Moderate,High,Average,0.6995589594516332
1847,1848,Fast,Low,Good,0.07003462363178126
1848,1849,Fast,Medium,Good,0.5729936441135929
1849,1850,Moderate,High,Average,0.48556620228342917
1850,1851,Moderate,Medium,Good,0.14508944663913825
1851,1852,Moderate,Low,Average,0.38110932600828284
1852,1853,Slow,Medium,Poor,0.8359844490934748
1853,1854,Slow,Medium,Good,0.7272924772395685
1854,1855,Moderate,High,Good,0.35243102555274064
1855,1856,Slow,Medium,Good,0.2521422606646523
1856,1857,Fast,Medium,Poor,0.07396318727095597
1857,1858,Moderate,Low,Poor,0.6086875278828008
1858,1859,Fast,Low,Average,0.45592442431941704
1859,1860,Slow,High,Good,0.9986114270374542
1860,1861,Fast,Medium,Poor,0.21577499644268938
1861,1862,Moderate,Medium,Good,0.6958023148257801
1862,1863,Slow,High,Good,0.02116381398203826
1863,1864,Slow,Low,Poor,0.7481452691031412
1864,1865,Slow,Low,Average,0.41605090513676934
1865,1866,Moderate,High,Good,0.6168840719663948
1866,1867,Moderate,Low,Poor,0.16424106722315446
1867,1868,Moderate,High,Poor,0.7485843470035328
1868,1869,Slow,Low,Good,0.46386522142884756
1869,1870,Moderate,Low,Poor,0.3288452882089896
1870,1871,Moderate,Low,Poor,0.5707437417333199
1871,1872,Moderate,Low,Good,0.33485695099898116
1872,1873,Fast,High,Good,0.9013868568106571
1873,1874,Moderate,Low,Good,0.49550917733063826
1874,1875,Moderate,Medium,Good,0.6611179273455245
1875,1876,Moderate,Medium,Poor,0.9494954317391617
1876,1877,Moderate,High,Poor,0.5990126371146123
1877,1878,Fast,Low,Average,0.5610528395238791
1878,1879,Fast,Low,Poor,0.402753618747442
1879,1880,Fast,Medium,Average,0.5186150316353341
1880,1881,Slow,Medium,Average,0.8646591138898917
1881,1882,Fast,Medium,Average,0.9739354059881948
1882,1883,Slow,Low,Good,0.7451327484983999
1883,1884,Moderate,Low,Average,0.12997043661881258
1884,1885,Fast,High,Poor,0.6988860851170678
1885,1886,Moderate,Low,Good,0.7085791250649992
1886,1887,Moderate,Low,Poor,0.7140543306554573
1887,1888,Moderate,High,Good,0.7685751724093984
1888,1889,Slow,Low,Average,0.9849378689708634
1889,1890,Slow,Low,Poor,0.005594155881869511
1890,1891,Moderate,High,Good,0.11429128583685655
1891,1892,Slow,Low,Poor,0.5831002846307997
1892,1893,Slow,Low,Average,0.332647635334146
1893,1894,Fast,Medium,Average,0.5092452505028752
1894,1895,Slow,High,Average,0.8165756133592795
1895,1896,Fast,High,Good,0.4475089656863399
1896,1897,Fast,Low,Average,0.05218505779676108
1897,1898,Fast,Low,Good,0.008349737513769662
1898,1899,Fast,Medium,Average,0.151243338146966
1899,1900,Fast,High,Average,0.19527333324716079
1900,1901,Slow,Medium,Average,0.6780603767876752
1901,1902,Moderate,Low,Poor,0.9752940514300463
1902,1903,Slow,Low,Poor,0.7393443329553049
1903,1904,Moderate,Low,Poor,0.8462764546696253
1904,1905,Moderate,High,Good,0.5873744001258089
1905,1906,Slow,High,Good,0.4767952239003832
1906,1907,Moderate,Low,Poor,0.17713545479300252
1907,1908,Moderate,High,Average,0.9931707895983327
1908,1909,Moderate,High,Poor,0.7259687793283472
1909,1910,Slow,High,Average,0.965485657007934
1910,1911,Fast,Medium,Good,0.434065261197629
1911,1912,Fast,Medium,Poor,0.5697046320354099
1912,1913,Slow,High,Poor,0.9221313255294104
1913,1914,Moderate,High,Good,0.18848804993863866
1914,1915,Slow,Low,Good,0.33971454383608435
1915,1916,Fast,Medium,Good,0.8774791959088326
1916,1917,Fast,Medium,Average,0.8012099002436289
1917,1918,Moderate,Medium,Average,0.8390914986521054
1918,1919,Moderate,Medium,Good,0.5886889743360161
1919,1920,Slow,Medium,Average,0.26112684736145586
1920,1921,Moderate,Low,Average,0.42644079529243195
1921,1922,Slow,High,Good,0.9030010851514962
1922,1923,Fast,Medium,Average,0.9247089920455704
1923,1924,Fast,High,Poor,0.7576576166029725
1924,1925,Fast,Medium,Poor,0.40733158984759243
1925,1926,Moderate,High,Average,0.27301199554003175
1926,1927,Slow,Low,Poor,0.014830162431707872
1927,1928,Moderate,Low,Poor,0.7893004491081501
1928,1929,Fast,High,Poor,0.628745225828071
1929,1930,Moderate,Medium,Good,0.4741601745181253
1930,1931,Moderate,Low,Good,0.9367739495230019
1931,1932,Slow,Low,Good,0.274969366452949
1932,1933,Moderate,Low,Average,0.6999898345521587
1933,1934,Slow,High,Average,0.7182379949812843
1934,1935,Fast,Low,Poor,0.9587546162149037
1935,1936,Slow,Medium,Average,0.39795727729576924
1936,1937,Slow,High,Good,0.12393919426443945
1937,1938,Fast,Low,Poor,0.24080351215461904
1938,1939,Slow,High,Good,0.6918185861250508
1939,1940,Moderate,High,Good,0.974872533431243
1940,1941,Slow,Low,Average,0.7017310407557849
1941,1942,Fast,High,Average,0.22751496307464503
1942,1943,Moderate,Medium,Poor,0.6033078783889431
1943,1944,Slow,Medium,Average,0.13032836458969232
1944,1945,Fast,High,Poor,0.9977843878200647
1945,1946,Fast,Medium,Average,0.8230283087957645
1946,1947,Fast,Low,Poor,0.17680166646406437
1947,1948,Moderate,Medium,Poor,0.8708917904678061
1948,1949,Slow,Medium,Good,0.4658713086963684
1949,1950,Moderate,High,Poor,0.5655643255679543
1950,1951,Fast,Low,Average,0.37929879267218747
1951,1952,Slow,Medium,Average,0.7043860785173763
1952,1953,Moderate,Medium,Average,0.09083818106141417
1953,1954,Fast,Low,Poor,0.8595277052474898
1954,1955,Fast,Low,Good,0.27244644110883165
1955,1956,Slow,Medium,Average,0.6838839734462702
1956,1957,Fast,Medium,Good,0.8443654912130965
1957,1958,Fast,Medium,Poor,0.08795300836872899
1958,1959,Slow,High,Average,0.045464627204925834
1959,1960,Slow,Low,Good,0.3097585632586206
1960,1961,Fast,Low,Good,0.42215516492748006
1961,1962,Slow,Low,Average,0.24609912257631594
1962,1963,Moderate,Medium,Good,0.38715539405398314
1963,1964,Fast,High,Poor,0.8606044903497095
1964,1965,Moderate,Low,Poor,0.6952789013674103
1965,1966,Slow,Low,Poor,0.1513609513919435
1966,1967,Fast,High,Average,0.3917277636311782
1967,1968,Fast,Medium,Good,0.17522429236611525
1968,1969,Fast,High,Poor,0.6848036956458562
1969,1970,Fast,Medium,Poor,0.4058877526047254
1970,1971,Fast,Medium,Good,0.5493645514442687
1971,1972,Moderate,Low,Average,0.8923384702208084
1972,1973,Fast,Low,Poor,0.7736793464792507
1973,1974,Fast,Low,Poor,0.4287514083413543
1974,1975,Moderate,Low,Good,0.9792482787019853
1975,1976,Fast,Low,Average,0.8211420914972102
1976,1977,Moderate,Medium,Poor,0.2634427593968093
1977,1978,Slow,High,Good,0.9099550632726093
1978,1979,Moderate,Medium,Average,0.4002190955388112
1979,1980,Moderate,High,Poor,0.9742425255217365
1980,1981,Fast,Medium,Good,0.6676739510082869
1981,1982,Moderate,High,Good,0.6958883576785689
1982,1983,Moderate,High,Poor,0.33867960445703094
1983,1984,Slow,High,Poor,0.876847774154112
1984,1985,Fast,High,Average,0.5572190449300439
1985,1986,Moderate,High,Average,0.6425799158045408
1986,1987,Fast,High,Good,0.02413277869255359
1987,1988,Moderate,High,Poor,0.9832414364723987
1988,1989,Slow,Medium,Poor,0.10818619488003878
1989,1990,Moderate,High,Good,0.8991452884450164
1990,1991,Slow,Medium,Good,0.4035894707651476
1991,1992,Slow,Medium,Good,0.5644418416538133
1992,1993,Moderate,Medium,Poor,0.20832691772804146
1993,1994,Fast,Low,Good,0.9305620270355727
1994,1995,Moderate,High,Good,0.977241565000449
1995,1996,Moderate,High,Poor,0.9724845622761592
1996,1997,Slow,High,Average,0.14909567867143392
1997,1998,Fast,Low,Good,0.9204723006138882
1998,1999,Moderate,Medium,Poor,0.6711124983744359
1999,2000,Moderate,Medium,Poor,0.6255895834697527
2000,2001,Fast,Medium,Average,0.2015141254241084
2001,2002,Fast,Low,Good,0.06967286442358778
2002,2003,Slow,Medium,Poor,0.5492512713778943
2003,2004,Slow,Medium,Average,0.7725347961266315
2004,2005,Moderate,High,Good,0.6164793585412445
2005,2006,Fast,Low,Poor,0.33989582116183337
2006,2007,Slow,Medium,Good,0.35018940573084434
2007,2008,Moderate,Medium,Poor,0.11286941764682212
2008,2009,Moderate,High,Good,0.8475647962784947
2009,2010,Moderate,Low,Good,0.4265528542416397
2010,2011,Slow,Medium,Good,0.9324054961466182
2011,2012,Moderate,High,Average,0.9956087115144261
2012,2013,Slow,Medium,Good,0.4245612382065571
2013,2014,Moderate,High,Average,0.29972948472092487
2014,2015,Slow,Medium,Poor,0.9739405835732572
2015,2016,Moderate,High,Average,0.5792678295751993
2016,2017,Fast,Low,Average,0.6133904280636049
2017,2018,Slow,Medium,Average,0.11355454384349384
2018,2019,Fast,Medium,Good,0.22976067485552631
2019,2020,Moderate,Low,Poor,0.6155085552650431
2020,2021,Slow,Low,Average,0.9608555767847797
2021,2022,Moderate,Medium,Poor,0.20908484215873002
2022,2023,Fast,Low,Poor,0.028264701049977692
2023,2024,Slow,Low,Poor,0.25166443504547076
2024,2025,Slow,Low,Good,0.13802760893789678
2025,2026,Fast,Medium,Good,0.21523273210573268
2026,2027,Fast,Medium,Good,0.7826550110555796
2027,2028,Moderate,Medium,Average,0.37681960614797083
2028,2029,Slow,High,Good,0.24652129583936833
2029,2030,Moderate,Low,Poor,0.37689501688521376
2030,2031,Moderate,Low,Poor,0.27671999754229926
2031,2032,Moderate,Medium,Good,0.8794173102643961
2032,2033,Moderate,Low,Average,0.1835632449473269
2033,2034,Fast,Medium,Good,0.5133940092085156
2034,2035,Slow,High,Poor,0.8903144562136512
2035,2036,Fast,Low,Average,0.43738324249298977
2036,2037,Fast,High,Poor,0.7028508233960326
2037,2038,Slow,High,Poor,0.4337844022073727
2038,2039,Fast,Low,Average,0.25652042732580793
2039,2040,Moderate,Low,Poor,0.31119244435437654
2040,2041,Moderate,Low,Good,0.47953055272128886
2041,2042,Slow,Medium,Good,0.3154892064822239
2042,2043,Slow,Low,Poor,0.6586225089630944
2043,2044,Slow,Low,Good,0.8618151761459075
2044,2045,Slow,Medium,Good,0.3518268970868115
2045,2046,Slow,High,Good,0.5090021835367382
2046,2047,Fast,High,Good,0.8619440915809912
2047,2048,Moderate,Low,Average,0.4911409691346621
2048,2049,Fast,Medium,Poor,0.5499083871271615
2049,2050,Moderate,Medium,Good,0.07336075951691956
2050,2051,Moderate,Low,Average,0.3361084892211431
2051,2052,Slow,High,Poor,0.25700564347427723
2052,2053,Slow,Medium,Poor,0.6149341779171474
2053,2054,Slow,High,Poor,0.21212539872193992
2054,2055,Slow,High,Average,0.61914713604919
2055,2056,Slow,Low,Average,0.9920384737785946
2056,2057,Moderate,High,Average,0.6740229943935936
2057,2058,Slow,Low,Good,0.5107132869450313
2058,2059,Slow,High,Good,0.20941981680028088
2059,2060,Fast,Low,Good,0.7785530255185421
2060,2061,Fast,Low,Poor,0.0078066944888902645
2061,2062,Slow,Medium,Average,0.5715889152967192
2062,2063,Fast,High,Poor,0.981727217381659
2063,2064,Slow,High,Average,0.43677788302125775
2064,2065,Slow,Low,Poor,0.16860366138254235
2065,2066,Fast,Medium,Poor,0.11925016768146657
2066,2067,Moderate,Medium,Average,0.8377574453503394
2067,2068,Fast,High,Good,0.0780318706538553
2068,2069,Moderate,Low,Good,0.6014711008812074
2069,2070,Fast,High,Good,0.21598527572950332
2070,2071,Fast,Medium,Good,0.21389573637479176
2071,2072,Moderate,Medium,Poor,0.3389830893381708
2072,2073,Moderate,High,Poor,0.4274505332424855
2073,2074,Moderate,Low,Poor,0.8892381375268256
2074,2075,Moderate,High,Average,0.7019535339703258
2075,2076,Fast,Medium,Good,0.09566871042821268
2076,2077,Slow,High,Average,0.3445018551424617
2077,2078,Fast,Medium,Good,0.9891792332678332
2078,2079,Fast,Low,Poor,0.7196639255967116
2079,2080,Moderate,Medium,Good,0.35121963066756967
2080,2081,Moderate,Medium,Poor,0.46199950736420814
2081,2082,Slow,High,Good,0.188174646052918
2082,2083,Slow,High,Good,0.8939876737572474
2083,2084,Fast,Low,Average,0.008200709427645614
2084,2085,Fast,Medium,Good,0.1126071490393118
2085,2086,Moderate,Medium,Poor,0.04905836740864322
2086,2087,Slow,High,Average,0.09141437676969111
2087,2088,Slow,High,Good,0.10557564221946336
2088,2089,Fast,High,Average,0.7932296782733221
2089,2090,Fast,Low,Poor,0.3499975228576183
2090,2091,Fast,High,Poor,0.6619177301579263
2091,2092,Fast,Medium,Poor,0.15591850966282705
2092,2093,Slow,Low,Poor,0.9161491964470573
2093,2094,Fast,Low,Good,0.25267962773934904
2094,2095,Moderate,Medium,Good,0.49670612969676253
2095,2096,Moderate,High,Average,0.7736366450057608
2096,2097,Slow,Medium,Average,0.43169744564093293
2097,2098,Fast,Low,Good,0.148110924889023
2098,2099,Slow,Low,Poor,0.2815538627281957
2099,2100,Fast,Low,Poor,0.3966087993343448
2100,2101,Slow,Low,Poor,0.7509283935167222
2101,2102,Moderate,High,Average,0.527299133128794
2102,2103,Fast,High,Average,0.5741619996095829
2103,2104,Fast,Medium,Average,0.45610539951721263
2104,2105,Slow,Low,Poor,0.4513360327392887
2105,2106,Slow,Medium,Good,0.9407170796391084
2106,2107,Slow,Medium,Poor,0.8274809597570061
2107,2108,Slow,High,Poor,0.003716100271983991
2108,2109,Moderate,Medium,Poor,0.532873679161507
2109,2110,Fast,Low,Good,0.26879709616697756
2110,2111,Fast,High,Good,0.5765639634226069
2111,2112,Fast,High,Good,0.9792381683199844
2112,2113,Fast,High,Average,0.9720420941766236
2113,2114,Moderate,Low,Good,0.001314633430626433
2114,2115,Moderate,Low,Poor,0.6905385581155655
2115,2116,Slow,Low,Poor,0.43442013811832947
2116,2117,Slow,Low,Good,0.570560051740898
2117,2118,Moderate,Low,Poor,0.5176104774128251
2118,2119,Moderate,High,Good,0.04905357258779386
2119,2120,Slow,Medium,Poor,0.25209865956229993
2120,2121,Fast,High,Average,0.30390087697246826
2121,2122,Slow,Medium,Average,0.5110088356826128
2122,2123,Slow,Low,Good,0.12113857384890148
2123,2124,Moderate,Low,Good,0.9983069303819881
2124,2125,Fast,Medium,Average,0.7910721434781124
2125,2126,Moderate,Medium,Poor,0.7912042535880711
2126,2127,Fast,Medium,Poor,0.468579804375139
2127,2128,Moderate,Medium,Good,0.970064537020164
2128,2129,Fast,Low,Good,0.9901097837349171
2129,2130,Moderate,High,Average,0.4320837128520679
2130,2131,Moderate,Medium,Poor,0.13669507448903628
2131,2132,Fast,Low,Average,0.680213370933668
2132,2133,Slow,High,Average,0.6777604943626712
2133,2134,Moderate,Low,Poor,0.4308173907871258
2134,2135,Moderate,High,Good,0.8301389022766535
2135,2136,Moderate,Medium,Average,0.06477219952520175
2136,2137,Fast,Medium,Good,0.5067833815823141
2137,2138,Moderate,Low,Poor,0.7929022783296358
2138,2139,Fast,Medium,Average,0.0939637954103828
2139,2140,Fast,Medium,Poor,0.6555939512448392
2140,2141,Slow,Medium,Good,0.8400771596877241
2141,2142,Fast,Medium,Good,0.3060584529251448
2142,2143,Slow,High,Average,0.3757593478039629
2143,2144,Fast,Medium,Good,0.4682175960879691
2144,2145,Moderate,Low,Average,0.8639570281150231
2145,2146,Fast,Medium,Poor,0.1576886720731473
2146,2147,Slow,High,Good,0.9888376327800935
2147,2148,Fast,Low,Average,0.8724131764867018
2148,2149,Fast,Low,Average,0.3417096871302282
2149,2150,Moderate,High,Good,0.40402010286281353
